A,B,C,D,E,outcome,treatment
-2.863469,-0.075805,-0.284494,1,3.866439,5.564749,1
0.69945,1.251749,-1.237323,1,0.8048,5.543024,1
0.565525,-0.328845,0.626817,1,-0.031784,0.160138,0
-1.774796,-1.766976,-1.253474,1,1.654755,5.032822,1
-0.678966,-0.294244,0.509223,1,-0.226398,4.686563,1
-0.993327,0.542262,-2.16403,1,1.465706,5.262234,1
-0.954264,0.459267,-1.06837,1,0.399173,4.843437,1
-2.390541,-1.057791,-1.018941,0,1.113024,-0.347619,0
-0.880395,-0.153879,-0.408971,0,1.992475,5.475225,1
0.3468,2.881991,0.173854,1,0.790696,0.424361,0
2.308568,-1.035952,-1.937358,1,1.834308,6.452662,1
0.143313,0.85804,-1.795946,1,1.774588,5.746267,1
-0.128701,-1.899359,-2.089871,0,-0.962903,-0.401756,0
-0.766356,1.061109,0.632221,1,-0.000172,4.75153,1
-0.851174,-0.695008,-0.390358,1,-0.660378,-0.537787,0
0.69652,0.599405,-1.772334,1,2.903166,6.362264,1
0.040114,-1.094209,-1.131058,1,0.796037,5.321066,1
-0.88648,0.48817,0.493798,1,2.682258,0.760297,0
-1.272472,-0.711333,-0.966082,1,-0.731523,-0.708723,0
-0.412675,-0.517731,-1.025151,0,0.328661,4.980206,1
-0.784569,0.639303,-1.46926,1,1.701927,5.436425,1
-0.256448,-0.233068,-1.712955,1,1.080704,5.323103,1
-0.48037,0.577698,0.495361,1,1.434289,5.394485,1
0.138429,0.006476,0.985939,1,-0.352379,-0.088984,0
-1.516039,0.264811,-1.673157,1,2.278232,5.398592,1
0.841072,0.642403,0.716979,1,1.678445,5.948419,1
2.527393,-0.152701,-1.175352,1,1.303055,6.34023,1
0.94272,-0.798733,-0.154315,0,0.215819,5.395893,1
-0.032282,-0.334995,0.722251,1,1.225229,5.443278,1
0.630841,1.392456,-0.83304,1,0.609939,5.458609,1
-1.260005,0.31349,-1.015905,0,-0.749062,-0.698353,0
-1.834214,-0.647581,0.113118,1,0.851006,-0.280938,0
0.52278,0.598878,-1.797916,1,0.744699,5.45823,1
-0.789062,0.665633,0.459098,1,1.963831,0.525021,0
-1.597598,0.717316,-0.545154,1,-1.332997,3.954112,1
-1.131511,-0.78052,-1.265714,0,1.136629,5.053629,1
-1.381472,-0.485074,-1.292131,1,-0.254139,-0.552579,0
-0.116491,-0.479512,-2.071426,0,1.220652,5.441441,1
0.331203,-0.163331,-1.224135,0,1.275709,0.586916,0
0.636828,0.736236,-0.952001,1,0.814584,5.544153,1
0.643412,0.493502,-1.749257,0,1.708722,5.877041,1
0.504078,0.572534,-0.733428,1,-0.344337,5.048166,1
-0.458086,1.551336,-0.215046,0,2.009149,0.623475,0
-0.874397,0.886208,-0.901435,1,0.19335,-0.195658,0
-1.759073,0.055515,-0.025237,1,-0.65447,-0.840773,0
0.848727,-0.986568,-1.495103,1,0.629033,5.480202,1
-0.428652,-0.51723,0.31542,1,-1.193729,4.376776,1
-0.661303,-0.064388,-0.566148,1,1.155603,5.229553,1
0.928796,1.026447,0.857294,1,0.642179,0.565556,0
-1.149128,0.169985,1.726254,1,2.135116,5.44564,1
0.583875,-0.458879,-1.158207,1,1.550353,5.774444,1
0.045641,-0.535576,-1.117027,1,-0.490567,4.823388,1
-1.28875,0.127739,-0.934205,1,0.063042,4.590636,1
-0.326724,1.087305,-0.092261,0,1.422093,5.465543,1
0.722044,1.788336,0.638007,0,1.748508,5.949969,1
0.544675,-0.008452,-1.340771,0,2.12393,1.008235,0
1.244514,0.152574,-0.306719,1,2.115938,6.227786,1
0.087261,-1.016625,-0.82389,1,0.811906,0.335654,0
3.121376,2.13651,-0.069854,1,1.264085,6.559443,1
-1.171311,-1.203686,0.821495,0,2.200168,0.464141,0
-0.649558,1.368979,-0.928291,1,0.598121,5.032157,1
-0.311784,-0.168019,-2.357831,1,1.281155,5.406016,1
-1.66967,-0.402049,0.055939,1,0.574548,4.673693,1
0.791572,-0.912687,-1.520668,0,0.350481,0.41377,0
0.652612,2.607366,-0.831079,1,0.949814,5.640853,1
-0.23192,0.418809,0.099068,1,0.213886,-0.005398,0
-0.785336,0.218597,-0.390568,1,0.770513,5.047749,1
-1.745974,1.084049,-0.789683,1,-0.133526,-0.634669,0
-1.040178,-0.453516,-1.263845,1,0.711435,4.911065,1
0.492791,0.199163,-3.587857,1,1.349819,5.68673,1
-0.463081,0.253653,0.010358,1,0.312665,4.984551,1
-0.677789,-0.314829,-0.940915,0,0.910721,0.135316,0
0.250528,1.396955,0.825373,1,1.040772,5.499959,1
0.907267,-0.021337,-0.289935,0,1.353964,5.819754,1
0.006197,-1.355815,-1.229088,0,0.767849,5.274277,1
0.063593,-0.10418,0.378907,1,1.987295,5.776236,1
1.120942,0.446496,0.463166,1,-1.19949,4.915759,1
-0.075367,-0.696176,-0.906995,1,3.839182,6.455631,1
-0.560209,-0.617278,0.505682,0,0.030295,4.802611,1
0.422206,-0.348942,-1.243271,1,1.304819,0.632312,0
-0.50755,1.418553,-0.528315,1,-0.037039,-0.169846,0
-0.618746,-0.289841,-0.116555,1,1.545697,5.390054,1
1.022814,1.626434,0.096819,1,1.177998,0.806214,0
-0.542873,-0.417633,-0.066441,1,0.250715,-0.064606,0
-2.906096,0.522331,-1.02062,1,1.974516,-0.17341,0
0.094598,-0.248926,0.405735,0,0.737468,0.312995,0
-0.646436,0.9514,-0.81239,1,1.448645,5.345313,1
-0.540057,-0.920957,-1.25699,1,-0.015731,4.802618,1
0.202016,0.940176,-1.242301,1,0.870541,5.443975,1
-0.416981,0.311186,1.252025,1,2.904836,6.000466,1
-0.035981,-0.442675,-1.429946,1,1.864395,0.694655,0
-2.273235,0.031096,0.603672,0,1.20905,4.719493,1
-1.193977,1.731172,-1.82343,1,0.452508,-0.217041,0
1.153039,0.335162,-0.200058,1,0.968928,0.744579,0
-0.269471,-0.505411,-0.39088,1,1.098995,0.314161,0
-1.924425,-1.007376,0.933264,1,1.350657,4.875294,1
-1.323452,0.702721,-1.342365,1,-0.175232,-0.510068,0
-1.243506,0.393162,-1.618627,1,1.569837,0.221584,0
-0.148572,0.892338,-0.804473,0,-0.188164,-0.121013,0
-0.683529,-1.264908,0.976839,1,2.532555,5.743467,1
-0.910102,-0.974943,-1.572121,1,0.129801,4.732645,1
-0.246983,1.344196,-3.27638,1,1.198057,5.411961,1
0.226834,0.528659,-0.628195,1,1.906572,5.81057,1
-0.509949,0.730718,0.26156,1,0.649049,0.075253,0
-0.825629,-0.76537,-1.701769,1,1.242029,5.209672,1
-0.672418,-0.78367,0.159969,1,2.336611,5.677212,1
0.088901,1.188576,-1.723874,1,1.465832,0.59624,0
-0.2583,1.235695,-0.834522,1,1.25698,5.433091,1
0.516377,-0.891002,0.064719,1,-0.783356,4.852446,1
-1.400713,-1.082053,-1.875428,1,-0.032293,4.527714,1
-1.026256,0.088724,-0.50645,1,1.948349,5.425855,1
0.522221,-0.602031,0.527011,0,1.471379,5.722533,1
-1.052748,-0.62286,-0.214029,1,1.622895,5.274217,1
1.133096,-1.054061,-1.408589,1,1.536826,5.95654,1
1.154285,-0.271117,0.830755,1,2.191186,6.237011,1
1.141406,-0.957378,-0.02957,0,0.640029,5.589471,1
-1.131561,-0.898084,-2.548411,0,1.021929,0.029641,0
-0.174025,0.495709,0.176281,1,-0.127245,-0.115608,0
-0.744352,0.142119,-1.259337,0,-0.376594,-0.396452,0
0.672243,0.682196,-0.491399,1,-0.742312,4.952501,1
1.455685,-1.451716,0.320041,1,0.016266,5.463833,1
0.622669,0.207198,-1.237568,0,2.453991,6.157333,1
-0.241776,2.272955,-2.333556,0,-0.651298,-0.334595,0
-0.616459,-0.174955,0.817582,1,0.597893,0.02544,0
0.398167,1.022066,0.47662,1,-0.391716,0.006864,0
-1.473794,1.013324,-0.775219,1,0.300455,4.65563,1
0.285416,1.062516,0.165458,1,1.071123,5.522453,1
-1.165611,0.363979,-1.05735,0,0.201313,-0.290544,0
0.369628,0.763403,-0.590993,1,1.991094,0.910485,0
-0.411857,0.896331,-0.832251,1,2.435407,5.848525,1
-0.639184,0.832763,-1.016907,1,-1.347667,-0.713743,0
-1.136432,-0.920101,-0.32866,1,0.218437,4.702263,1
-0.607665,-1.510067,-1.896142,1,0.960571,0.171482,0
0.305202,-1.356267,-0.939544,1,2.027546,0.887961,0
0.792941,-0.072843,-0.373484,0,0.447185,5.429929,1
0.275528,0.791244,1.150138,0,0.881494,5.444594,1
1.112967,-0.907094,-1.855497,1,-0.255315,5.260822,1
2.288243,1.121287,-0.16741,0,-0.631367,5.525398,1
-0.575411,-0.304958,-0.057814,0,2.346814,0.735338,0
-0.456787,-0.295438,-2.564682,0,-0.922641,4.491985,1
-1.690961,-0.63879,-0.277431,1,3.230048,5.680955,1
0.939807,-1.687469,0.192322,1,1.62658,5.892981,1
1.048477,0.426631,-0.09931,1,1.581402,5.955537,1
-1.118066,1.909985,-0.77189,1,1.476898,5.240398,1
0.366721,0.134652,-0.354723,1,0.648743,5.376863,1
0.966151,-1.653315,-0.518118,1,1.293514,5.78319,1
-0.024632,0.97766,-2.37742,1,0.712532,0.27655,0
0.596481,-1.427481,-0.494643,0,1.454502,5.730147,1
-0.076087,-1.011717,-1.055033,1,0.867742,5.296678,1
-1.467775,-0.041021,-1.392785,1,-0.048919,4.500074,1
0.798427,0.32016,1.797007,0,0.030856,0.291164,0
1.074186,-0.811347,0.564653,0,-0.082843,5.294947,1
0.483581,-0.079999,-1.838135,0,1.87233,0.91009,0
-1.205417,0.912479,-0.341327,0,0.283982,4.726589,1
-1.002099,1.049496,0.770062,1,-1.010674,-0.735732,0
-1.381348,1.448773,-2.184162,0,1.298268,5.077909,1
0.519057,2.106736,-0.61098,1,2.415947,6.183409,1
1.01747,1.007206,-0.56389,1,1.674512,6.013871,1
0.173566,-0.01942,-1.962456,1,0.298105,5.178715,1
0.689616,1.056631,-0.308413,1,-0.685383,4.986905,1
-1.118561,0.664033,0.428283,1,0.767161,4.936891,1
-0.105058,0.703684,0.820085,1,0.742205,5.27119,1
-1.620791,0.374536,-0.937327,0,-0.067771,-0.557824,0
-1.022701,-0.714737,1.813682,1,1.452466,5.235194,1
0.627754,-0.830779,-2.74593,1,2.748056,6.259758,1
-0.490515,0.100199,-0.331746,0,1.123712,0.273169,0
0.958462,0.346227,-2.100257,1,1.061905,5.722839,1
0.28704,-0.482124,-0.59778,1,-0.035799,5.072513,1
2.483502,0.620659,-1.20987,1,2.298844,6.724522,1
-0.157155,2.278083,-0.181086,1,0.826285,5.301168,1
-1.657325,-1.547014,-0.814844,1,0.322466,-0.413264,0
-0.28545,0.779561,-1.513947,0,0.965117,0.284736,0
-1.213936,0.131342,-1.448254,1,1.37339,5.149622,1
0.72626,0.647973,1.244496,1,1.040644,5.667859,1
-0.20894,-0.233398,-0.244439,0,2.107582,0.753528,0
-0.388192,0.051257,-2.390092,1,1.285401,0.363131,0
-0.375052,0.326817,-0.137175,1,0.617487,5.115424,1
0.489421,-0.104317,-0.88264,1,1.302621,5.683629,1
-0.703382,-1.323224,-0.683362,1,1.401066,5.292003,1
0.52613,-0.036598,0.131925,1,-0.394947,0.036108,0
0.794651,-1.219117,0.495264,1,2.050849,6.041634,1
-0.593062,0.85051,-1.546776,1,0.600525,5.063015,1
-1.176967,-1.668228,-0.717705,0,0.626106,4.836051,1
-0.763885,1.225971,-1.234074,1,1.652805,5.404247,1
0.459189,0.62688,-0.091101,1,1.648594,5.80769,1
-0.158441,0.630706,-0.920267,1,0.200597,5.025679,1
0.379155,-1.966993,-0.658712,1,1.704331,5.748509,1
1.512017,-0.131282,-0.95824,1,0.340981,5.632558,1
-0.019966,1.35088,-0.794083,1,2.721002,6.068658,1
-1.059857,-0.321291,1.016688,0,0.073235,-0.313395,0
0.806504,-0.880745,1.702803,1,1.140906,5.677403,1
-0.199559,-0.439353,-0.310871,1,0.119411,4.984266,1
0.621527,0.129039,-0.787933,1,3.124125,6.416705,1
0.815279,-0.654053,-2.2836,1,-0.336392,5.113709,1
-1.209928,1.431134,-1.448381,1,1.425792,5.171283,1
1.131085,0.132649,-0.814699,1,0.166519,5.432448,1
0.654202,-0.358252,-1.403026,1,0.547321,0.408664,0
-0.854824,-1.104027,-1.297864,1,1.354967,5.221366,1
0.053529,0.681764,0.887426,0,2.126013,0.856822,0
0.006287,0.658983,-0.659172,0,2.524826,5.996205,1
-0.226988,-0.594892,-0.569751,0,-0.635519,-0.333795,0
0.620994,-2.039012,-1.362154,0,1.16918,0.661384,0
1.186436,0.608079,0.489582,1,2.360923,1.310197,0
-0.243614,0.010514,-0.900542,0,-0.783882,-0.365706,0
1.079961,0.533388,-1.208827,1,1.215812,5.84571,1
0.737283,2.154492,-2.268714,0,0.899345,5.635661,1
-0.018624,0.170485,-0.749065,0,1.315971,5.518837,1
-0.074739,-0.316522,-1.240021,1,0.129125,5.018509,1
-1.403485,-0.950005,0.996617,0,-0.53419,-0.669063,0
-1.751688,-0.115105,1.155936,1,-1.011677,-0.951917,0
-0.085897,0.357894,-1.923243,1,1.877813,5.693782,1
-1.106849,0.250624,-1.810116,1,2.005478,5.432776,1
-0.290556,1.920782,-0.964283,1,1.204114,5.408821,1
-0.785583,0.696403,-1.504001,1,0.367281,-0.117413,0
-2.039417,0.062516,-0.470546,1,-0.721617,-0.955375,0
0.106385,-0.509244,-1.014586,0,1.464774,5.597515,1
-0.665452,0.46399,-0.407431,1,-0.19935,4.71242,1
-0.170721,-0.709691,0.328131,0,0.19013,5.000614,1
-1.14404,0.377148,-1.752185,0,0.314865,-0.259481,0
-0.585737,0.684731,0.307248,0,0.703894,5.075983,1
1.30946,-0.019135,-1.416615,0,0.142389,5.477239,1
-0.122369,-0.432969,1.46052,1,0.934888,5.310842,1
0.298656,-1.98798,0.933013,0,0.279611,0.208373,0
-1.521792,1.341154,-0.801043,0,1.602802,0.145083,0
2.138116,0.600617,-1.651546,1,1.932492,1.447795,0
1.592494,0.624934,-1.842829,1,1.009972,5.917147,1
1.112515,-1.364035,0.185666,1,1.364055,0.889065,0
0.577846,1.577156,-0.718366,1,3.019285,6.396923,1
-0.235777,-0.2679,0.238904,1,-0.271174,4.817896,1
0.191154,-0.091478,1.516266,1,-0.332039,-0.059398,0
0.7971,-0.87197,-1.458346,1,1.596427,5.875211,1
-0.87949,-1.589629,-1.918101,1,2.847972,5.800992,1
-0.695419,1.354663,-0.495403,0,0.64093,0.018889,0
-1.920052,1.483914,0.456797,1,2.628263,0.414907,0
-1.022739,0.031789,-1.628423,1,0.997863,5.050459,1
1.410382,-0.482068,-0.653338,1,0.220542,5.540412,1
-0.585167,-0.179727,0.682081,1,-0.089263,-0.21369,0
-0.568767,-0.152298,-2.320841,0,1.530843,0.415572,0
0.066847,-1.002543,-0.452645,1,-0.01353,4.975403,1
-1.863147,-0.094938,-1.228066,1,0.982706,4.770213,1
0.694462,0.350419,-0.563806,1,2.484894,6.211005,1
1.015487,1.215474,0.021821,1,0.594649,5.574042,1
0.126376,0.211561,-0.467154,0,2.215438,0.91206,0
1.400431,-1.379035,-1.698185,1,-0.313114,5.315197,1
-1.577752,0.550865,-1.189209,1,0.36752,-0.362312,0
1.592796,-0.058614,0.73863,1,-0.505715,5.317224,1
-0.981661,1.567727,-0.35903,1,0.974426,5.097161,1
-1.53084,1.626775,0.152356,1,1.681507,5.185308,1
-0.488312,1.661771,-0.437668,1,0.976616,5.269249,1
1.621086,-0.364271,0.121153,1,2.128479,1.388639,0
-0.270362,2.187172,-1.084109,1,0.15225,5.027141,1
-1.183512,0.54826,-1.455475,1,1.126772,0.05572,0
-1.545862,1.823697,0.075735,0,0.37396,-0.337976,0
-0.356039,-0.305303,0.439411,0,1.263106,0.381387,0
-2.245882,-0.10128,-1.602244,1,1.405165,4.800049,1
-1.551113,0.471344,-1.263908,0,1.483825,5.077949,1
1.292148,0.349195,-0.851189,1,-0.169165,5.371958,1
1.072344,1.452129,0.931862,1,0.011683,5.391708,1
-0.379332,-0.034812,-0.124828,0,0.197141,4.940517,1
-0.716585,1.361932,-2.01205,0,0.662548,0.012224,0
-0.192411,0.929552,-0.780946,0,0.988615,5.336117,1
2.097077,-0.016075,-0.933842,1,1.609518,6.319714,1
0.154056,0.851994,-1.861233,1,0.05333,5.093924,1
0.658818,-0.275948,-0.792755,0,-0.69959,-0.055119,0
-0.453378,2.547523,-0.978,1,3.057172,1.034043,0
-0.190023,-2.467015,-1.049596,1,-0.230024,-0.134553,0
0.396243,0.87026,-1.095344,1,1.737753,5.812568,1
-0.124825,-1.567279,0.783431,1,0.932696,5.306018,1
-2.148297,-0.02834,-1.051666,1,1.152735,4.751539,1
1.029621,0.111709,-0.638292,1,0.899878,5.703092,1
-0.866054,1.704951,-0.746728,0,0.516587,-0.08716,0
1.860398,-0.494835,-1.19298,1,1.365401,1.140533,0
0.435929,1.505329,-0.608458,1,0.462842,5.352089,1
-0.179948,-0.9815,-0.622612,1,2.067732,0.741802,0
0.188407,1.543987,-0.608206,1,1.46987,5.665687,1
-0.359418,-0.277028,-1.547196,1,1.501023,0.482725,0
-0.737353,0.270752,-0.894088,1,0.394306,4.903964,1
-0.043322,-0.139062,0.072359,0,0.665074,5.235717,1
0.63407,1.47968,-0.86778,1,-0.286484,5.116439,1
-0.71545,1.285057,-0.526181,0,0.548413,-0.021878,0
-0.873157,0.640819,-0.520926,1,-0.135147,4.67173,1
-0.606409,-0.954551,-0.270568,1,2.214498,5.6537,1
0.701091,-0.517705,-0.129312,1,0.951965,5.59137,1
1.20163,-0.83126,-0.862114,1,1.071926,5.79903,1
0.111094,-2.050826,-1.599298,0,0.676282,0.303885,0
0.330394,1.458635,-1.906678,1,1.099008,5.566356,1
-0.880621,-0.130507,0.329723,1,3.366307,6.027315,1
0.625835,-0.141177,0.082287,0,0.601289,5.435588,1
0.300817,1.693419,-0.038598,0,0.251016,0.212893,0
-0.961048,-0.278672,0.123241,0,1.431122,0.267848,0
-2.038592,-0.643154,-0.849519,1,-1.62429,3.69373,1
-1.47149,-0.027429,-1.312839,0,0.965386,-0.104106,0
-0.920123,-0.935352,-1.66837,1,0.529716,4.893343,1
0.911017,0.541673,-1.777313,1,-0.090884,0.252298,0
1.30194,-0.176345,0.524196,1,1.409187,5.974391,1
-0.690438,-0.309954,-1.181108,1,0.955417,5.132696,1
-0.658835,-0.396586,0.366896,1,-0.90098,4.430608,1
0.010703,0.091096,-0.874849,1,0.254899,5.097264,1
-0.238773,0.280798,-1.364204,0,-1.986842,-0.855796,0
0.680014,-0.322658,-1.782328,1,1.194698,5.663634,1
-0.774108,-0.161449,-1.276117,1,1.184728,5.192969,1
0.698223,0.115794,0.730276,1,0.108147,5.2768,1
-0.490145,0.014899,-1.772173,0,1.441542,5.392488,1
0.603055,0.228393,1.428784,1,-0.38107,5.064205,1
-0.52196,-0.479354,-1.52857,1,-0.065088,4.78495,1
-0.864015,1.20191,0.061987,0,1.318619,0.23495,0
1.661398,0.294145,-0.833214,0,0.212762,5.625559,1
0.814307,-0.30653,-1.008523,1,0.838772,5.591879,1
-2.042965,0.541701,-1.959384,1,0.33778,4.456552,1
-0.697694,0.122948,-0.786356,0,0.490498,4.960103,1
0.954003,-1.536509,-1.846249,1,0.534205,5.483602,1
-1.44758,0.53827,-2.36954,1,0.194672,4.620136,1
0.519758,-0.822189,-0.568364,0,1.203879,5.628621,1
0.416136,1.131745,-1.323386,1,0.273501,5.251939,1
-0.950067,-0.044433,0.996386,1,0.917116,5.042913,1
-0.259737,0.977387,0.312059,1,0.172697,-0.025608,0
-2.340938,-0.432902,1.009469,1,-0.63287,3.987232,1
1.519512,0.267246,-1.368846,1,1.813864,6.222639,1
-0.560013,1.407561,-0.551825,0,1.400956,5.374204,1
0.552893,-0.0717,-3.308634,1,3.190111,1.432395,0
0.362921,-0.3935,-0.969765,1,-0.142544,0.055233,0
1.106961,0.852358,-0.589465,1,0.692469,0.630215,0
-0.684223,0.832979,-0.533915,1,0.772922,5.092744,1
-0.047097,-0.351432,-0.730331,0,1.890798,5.732759,1
0.308189,-1.788144,-0.62137,1,0.394321,5.211043,1
0.621622,-0.412706,-3.401206,1,-0.269613,5.09938,1
0.903434,0.874677,-0.431741,1,2.109238,6.122688,1
-0.728302,-0.577717,-0.204523,1,0.584779,4.965759,1
-0.915147,0.186379,0.650062,1,1.780073,5.397216,1
1.109191,-0.460168,-0.319225,1,1.663627,6.003402,1
-2.287996,-1.73485,-0.8187,0,0.871539,-0.438997,0
1.319112,-0.478164,0.416979,1,0.727115,5.718417,1
-0.553244,0.870449,-3.045297,1,0.509864,5.012196,1
-0.255483,-2.172935,-1.202912,0,0.886236,0.260039,0
-0.933263,0.449484,-1.453773,0,1.764529,0.394711,0
-0.299115,-0.988752,-0.722485,1,0.104989,4.94634,1
1.020218,0.805759,-2.886656,1,1.010275,5.739624,1
0.519943,0.911636,0.631673,1,-0.217202,5.088664,1
0.241766,0.025369,-0.937773,1,-0.092677,5.056549,1
-0.162047,0.027649,-0.369166,0,0.87049,5.295172,1
-1.69653,-0.609046,-0.464872,1,-1.058729,-0.973642,0
-1.095057,-1.148266,0.574527,1,2.961988,5.767171,1
-0.594121,1.89541,-2.549913,0,-0.291631,4.720012,1
0.206756,-0.667754,-0.575642,0,0.86134,5.387373,1
-0.181267,1.765113,0.458215,0,2.069647,0.75004,0
0.732584,-0.662183,-0.785949,0,0.038524,0.249558,0
0.222707,0.722507,-1.639232,1,-1.401268,-0.477293,0
-0.196569,-0.94049,-1.291853,1,0.456483,5.102131,1
2.024841,0.720712,-1.080905,1,0.026609,5.673014,1
0.155307,-0.12827,-1.409013,1,-1.374945,4.509089,1
-0.682862,-0.115199,-0.840774,1,1.186319,5.21935,1
1.609047,0.80734,0.820284,1,1.108523,5.975718,1
0.949492,-0.271824,-1.285328,1,2.043755,6.083059,1
1.565168,-1.230831,-1.175637,0,-0.219393,5.413509,1
-0.361852,0.958623,-0.228182,1,-0.697707,-0.403616,0
0.725389,-0.948584,-0.862783,0,0.494706,5.395035,1
-1.703769,0.713834,-2.017148,1,0.813086,-0.245519,0
0.533086,1.170314,-0.749151,1,1.822779,0.902045,0
-0.408644,-0.178177,-0.786854,1,2.311997,5.770506,1
-1.605978,1.37967,0.287715,1,2.115908,5.304448,1
0.78168,0.679101,-1.660115,1,1.177973,5.714563,1
-2.061051,-0.498544,0.294356,0,1.700928,-0.017094,0
-2.163627,1.598746,-0.785794,1,0.260936,-0.585396,0
0.111556,-0.944355,-1.795905,1,1.069824,5.42624,1
0.320428,-0.179383,-1.996741,1,-0.289861,4.97946,1
0.719604,-0.008998,1.246426,1,0.964114,5.626669,1
0.491043,0.802541,-0.847879,0,0.990076,0.548683,0
1.225739,1.31275,0.248541,0,2.623558,6.459219,1
0.449323,1.250109,-2.396082,1,0.672446,5.425525,1
-0.383219,0.421065,1.949732,1,0.991472,5.267508,1
-0.324531,-0.082952,0.205282,1,1.13839,5.348693,1
-0.533141,-1.628667,-0.943403,0,0.446609,4.967134,1
0.044558,-1.116829,-0.994129,1,0.098936,5.043402,1
-1.348266,1.963972,0.046635,1,2.20024,0.41898,0
0.090002,-1.638755,-0.010781,0,-0.079488,-0.011853,0
-0.337334,-0.587174,-0.505434,1,-0.426489,4.712039,1
0.024715,1.341923,-0.677084,0,1.581694,5.659344,1
0.027803,0.40703,-0.126896,1,2.059244,5.825721,1
-2.703185,1.125362,-2.429667,1,0.450019,4.309709,1
-1.152214,0.740145,-1.059238,1,0.465376,4.798492,1
-0.359549,1.6669,-2.334827,0,1.183973,5.356729,1
-0.306405,0.492744,-0.083371,0,0.193576,-0.040886,0
0.008469,0.860765,-1.363777,1,0.119716,5.060485,1
0.051428,-0.52693,-2.259541,1,1.781022,5.697062,1
1.265313,0.78365,-1.48175,1,1.50856,6.002578,1
0.061538,-0.198809,-0.538607,0,2.212588,5.888672,1
-0.563944,-0.255789,-0.893191,1,-0.35116,-0.33436,0
-1.850043,1.092041,-1.86112,1,0.398967,-0.464888,0
-1.61951,1.09894,-2.392832,1,1.182609,-0.06941,0
0.284572,1.885759,-0.61403,0,-0.024192,0.093623,0
0.809527,1.82058,-1.268731,0,1.543116,0.887171,0
1.290451,1.114632,-0.946044,1,2.126056,1.257248,0
-1.078813,-1.523129,-0.847648,1,0.318071,4.757364,1
-0.554784,2.024998,-0.257897,0,0.940021,0.172193,0
-0.008586,1.115285,0.158984,1,2.357048,5.958021,1
1.796479,-0.568543,-0.541454,1,2.700701,1.622607,0
-0.136059,0.926226,-1.008426,0,1.64723,0.592095,0
1.300343,-0.839949,-0.663199,1,1.494858,5.998582,1
-0.080947,0.815947,-1.0272,1,0.047692,4.991316,1
0.902325,-1.118953,-2.330516,1,1.260638,5.756706,1
0.77566,-0.610901,0.403983,0,1.45825,5.800118,1
-0.084832,0.907246,0.215476,1,0.691059,5.255358,1
-1.271303,1.270204,1.300371,0,0.306653,4.740698,1
-0.520014,0.522754,1.592536,1,-0.379869,4.691487,1
1.238125,-0.088852,-1.863983,1,-0.836301,5.073857,1
0.626905,-1.917549,-1.023363,1,-1.046455,4.732998,1
-0.68457,-0.011704,1.823577,0,1.480872,5.356916,1
-0.593229,0.730802,-0.728514,1,1.049128,5.235846,1
-1.981793,-0.119448,-0.443752,0,0.417618,-0.504116,0
1.193419,0.174739,-2.209093,1,0.569973,5.615983,1
0.635144,0.0117,-0.537674,1,1.1119,0.643375,0
-0.387998,-0.124389,1.243977,1,0.736866,5.167164,1
-0.050786,0.273194,0.598663,0,-0.439124,4.810154,1
-2.421786,-0.075378,-1.297948,1,1.814429,-0.095955,0
-0.737634,1.640607,-1.084279,1,1.205555,5.254067,1
1.083526,-2.009102,-1.818863,1,1.167327,5.785158,1
0.730627,-0.348526,-1.539126,0,1.738992,0.927502,0
0.079781,-0.672939,-2.598175,1,0.087784,5.047503,1
-0.265638,0.416428,-0.772783,0,2.11516,5.754968,1
0.545485,0.274462,0.822148,1,0.761386,5.45696,1
-0.532305,1.81951,-0.332531,1,1.790028,0.530756,0
-1.915613,2.148459,0.678276,1,1.635878,-0.00198,0
-0.257119,-0.575766,0.385286,0,-0.137373,4.869026,1
0.152199,0.197817,-1.234771,0,1.404329,5.590093,1
0.871758,0.393621,-1.44747,1,1.227704,5.763013,1
-1.692116,-0.600497,-1.409148,1,0.931741,4.802507,1
-0.373831,0.825699,-2.405025,1,0.807057,5.213948,1
-0.326224,-0.04219,-0.655633,1,0.815536,0.206296,0
-1.352172,-0.870318,-3.592427,1,1.714118,5.2118,1
0.236753,-0.082251,-0.096547,1,1.47934,5.657376,1
0.496448,-0.800358,-0.616082,1,0.931908,5.514739,1
-0.541612,1.233964,-0.216523,1,-0.590507,-0.411693,0
1.804173,2.098876,0.369053,1,1.395872,6.179881,1
-0.57028,0.442136,-0.489168,0,1.625043,5.468482,1
-0.697603,0.308594,0.943609,1,3.201839,6.012211,1
-0.726591,0.349752,-0.066017,1,1.976862,0.523523,0
-1.066419,1.379551,-1.44509,0,-0.997747,4.287807,1
-0.809945,1.358016,-0.925674,1,0.979858,0.105606,0
-1.685009,0.081663,-2.949254,1,2.712804,5.487882,1
-0.442453,0.449907,-1.590153,1,1.524978,5.468425,1
-0.193446,0.849963,-1.068959,1,1.230081,0.393511,0
-2.533722,-0.94037,-0.141689,1,1.801658,4.849428,1
-0.35287,1.409925,-1.438324,1,0.279051,0.000602,0
-0.208786,1.932149,-1.934227,0,1.379519,5.507957,1
0.263669,1.362349,-2.575495,1,0.650961,5.361787,1
0.953715,-1.048277,-1.284381,1,0.881806,5.625591,1
0.600434,-1.772683,1.262889,1,1.729884,0.874264,0
-0.871284,0.906036,-0.416856,1,-0.025284,-0.305422,0
-0.987332,-0.562872,0.251616,1,2.189411,0.531895,0
0.328584,0.48445,-1.588017,0,0.478617,5.304716,1
-0.7982,1.732466,-2.261413,1,1.162092,5.225076,1
-1.478974,-0.459638,-1.90904,1,-0.499079,-0.685785,0
2.123222,-0.180238,-0.785094,1,1.621266,6.344784,1
-0.561644,0.47404,-2.682092,1,2.347933,5.743063,1
-0.877444,-1.100193,-1.694553,0,0.386787,4.839524,1
-2.44305,-0.560539,-1.274324,1,-0.208794,4.109708,1
0.600482,0.222175,-2.008888,1,1.179412,5.652812,1
-1.238856,-0.103138,-2.811646,1,2.35624,5.505957,1
-0.222299,0.805725,-0.398309,0,-0.548428,-0.262634,0
0.717703,2.963297,-0.642092,1,-0.204879,5.203511,1
-1.223189,0.296455,0.091067,1,0.447239,4.777958,1
-0.171438,-0.644395,-1.798389,0,0.081085,4.958709,1
1.272867,1.615557,0.07196,1,0.084244,5.470142,1
-2.707667,-1.391501,0.841341,1,-1.192692,3.62558,1
-1.061426,-1.191591,-0.425748,1,1.490486,5.210623,1
-1.155462,-0.397786,-1.297899,1,1.24015,5.10592,1
-0.437825,-0.08557,-0.542882,1,-0.79742,4.552271,1
-0.298711,-0.421756,-1.34575,1,2.358625,5.822037,1
-1.312183,0.165805,-1.512247,1,2.582521,0.56669,0
-0.905293,0.472059,-0.004703,1,0.150523,-0.231787,0
-1.024145,1.266277,-0.827013,1,2.067978,5.500299,1
-0.601709,0.288505,0.517133,1,0.328431,-0.079553,0
-0.032697,-0.364629,-1.130386,0,1.082546,5.400992,1
0.659644,1.211962,-1.029138,1,0.065667,5.250085,1
0.804411,-0.620398,-1.254474,1,3.115681,6.472642,1
0.402714,-1.435286,-1.808146,1,0.605412,0.37456,0
-1.124894,1.403273,0.126462,0,1.027878,0.045911,0
-0.254216,1.33917,1.497749,1,0.213492,5.022691,1
2.123409,-0.594981,-1.07019,1,2.762745,6.765928,1
0.763613,-0.201782,-1.368459,1,2.788044,6.342666,1
-0.691425,-0.719611,-1.433286,1,2.532358,5.738812,1
1.331118,0.523941,-1.367696,1,1.857869,6.161058,1
-0.638989,1.929366,0.961821,1,0.276639,4.927276,1
-0.919322,0.900199,-1.406444,1,1.729279,5.385692,1
1.144812,1.233042,-1.27323,0,0.894386,5.738281,1
-1.560569,1.017045,-1.928317,1,2.213838,5.363101,1
-2.164698,0.197198,-0.394314,1,2.017331,5.088659,1
0.690365,1.280657,-0.755193,1,0.252163,5.347704,1
-0.223229,0.942348,-1.825142,1,1.849255,5.66803,1
-0.123555,1.636763,-1.580793,1,1.583463,5.601635,1
-0.612343,-0.262232,0.84497,1,-1.872134,4.05876,1
-0.489413,-1.540795,-0.655255,1,1.702366,5.476658,1
-0.70903,1.242568,-0.586278,0,0.469633,-0.04826,0
-0.876913,0.547087,-0.582309,0,0.015387,-0.273759,0
-0.63283,-0.098729,0.706662,1,0.058168,4.826322,1
-0.664371,-0.042836,-1.733177,1,0.766186,0.073742,0
-1.079504,2.752003,-1.084359,0,1.381489,5.24457,1
-0.796089,-0.444878,-0.856928,0,-0.464033,-0.452613,0
-2.75368,-0.655986,-2.409139,0,1.091277,-0.457023,0
0.433722,0.282601,-1.604105,1,1.478187,5.715549,1
0.139333,1.377808,0.358712,1,2.763235,6.15501,1
-0.335829,2.475719,0.07225,1,-0.175261,4.857245,1
-0.013596,0.854682,0.249104,1,0.551817,5.225062,1
0.022657,-1.073092,-1.277053,1,1.163092,0.476017,0
-0.974922,2.168181,-1.153658,1,2.048838,5.511098,1
-0.7835,0.177848,-2.476028,1,0.597205,-0.002197,0
0.277397,-0.640392,0.243972,1,2.10007,5.89704,1
-0.043417,-0.882075,0.408689,1,-1.035933,4.575358,1
1.7924,1.033646,0.395958,0,-0.351919,5.474061,1
1.368692,0.436146,0.916128,1,1.250073,5.948567,1
0.682092,0.542392,-0.265854,0,-0.509395,5.021127,1
-1.012655,1.48382,0.868919,1,-0.273042,-0.443146,0
-0.815477,-0.604838,-0.888438,1,0.373652,4.878778,1
-1.252967,1.563472,-2.454973,0,1.672868,0.237452,0
0.028837,-0.32184,0.172762,1,-0.994536,4.617335,1
-2.991875,2.361324,-2.491852,1,1.071727,4.465411,1
-0.709539,0.796056,-0.517761,1,1.934393,5.53055,1
-0.557636,-0.722922,0.267361,1,0.706484,5.090043,1
-1.775211,-1.828101,-0.363704,0,0.532599,-0.38741,0
0.546816,1.006242,1.59028,0,1.3032,0.694183,0
-1.390062,-0.176863,-2.653892,1,0.709318,4.819007,1
0.016823,0.041751,-0.770824,1,2.291929,5.896856,1
2.532857,0.963513,-0.670508,1,-0.209984,5.764002,1
-1.861926,1.207731,-2.032066,1,0.849785,-0.284354,0
-0.399471,1.421027,-1.841696,1,1.107115,5.323017,1
-0.65838,-0.977524,-1.533092,1,0.522975,-0.002835,0
-0.852889,1.623212,-1.78761,1,-1.969854,-1.051414,0
0.509331,-0.381728,-0.795958,1,0.740524,0.473584,0
0.855409,-2.058933,-1.290928,1,1.801606,5.946684,1
0.520718,-0.981123,-0.370055,1,1.679538,5.800877,1
-0.974259,0.415342,-0.038533,1,1.256207,5.187492,1
2.182928,-0.781497,-0.106184,1,-0.196433,5.630794,1
-2.021163,0.109273,-1.098089,0,1.296738,-0.174069,0
-1.283549,0.535569,-0.403487,0,0.327991,4.706633,1
-0.081191,0.015932,0.347166,1,1.254912,0.461126,0
-0.161526,-0.297037,-0.242398,1,1.022934,5.324146,1
0.237124,-1.053379,1.171015,1,-0.074946,5.049667,1
1.329214,0.219261,0.294216,1,0.008973,0.447558,0
-0.370771,-1.86764,1.030444,1,1.256451,5.332706,1
-0.137191,-0.488681,-3.180306,1,0.680316,0.216634,0
-0.845436,-0.730467,-0.591287,1,0.061148,4.726889,1
0.337409,-0.04206,-1.011896,0,-0.021401,0.082656,0
-0.569399,-0.016013,-0.812943,1,0.597598,5.028487,1
-0.569977,1.157274,-1.492922,1,2.469534,0.794228,0
0.292563,1.780794,-0.291764,1,0.375351,5.291356,1
0.784001,-0.920462,-2.496319,0,0.887409,0.597037,0
-2.459027,2.19015,-0.284526,0,1.003073,4.634719,1
0.109858,-0.581979,-1.459674,0,-0.229597,-0.048363,0
-0.521123,0.369844,-1.188349,0,-0.861403,-0.500225,0
0.696697,0.70818,-0.249461,0,-0.125212,0.165409,0
-0.501043,2.6419,-0.609185,1,1.148506,5.314714,1
1.050132,-0.344965,0.365958,1,0.98876,5.734888,1
-0.927333,-1.599421,-1.657467,1,1.603836,0.300981,0
-2.48125,1.687696,-0.768669,0,0.998179,-0.426185,0
0.800673,-0.636057,0.20081,0,0.79188,0.567367,0
-1.094465,-0.164272,-0.326763,1,0.297417,-0.247598,0
-1.831172,-0.920433,-0.262369,1,1.786036,5.081246,1
-0.234867,-0.161387,0.42008,1,-0.017751,4.906265,1
-0.490099,-0.643075,-1.094205,0,-0.208971,-0.238156,0
0.572185,0.873759,-1.304794,1,1.468485,5.777552,1
0.641491,0.278109,-0.112059,1,-0.431728,5.068355,1
-0.1553,-0.483738,-0.837394,1,3.31622,6.218105,1
-1.135736,1.193189,0.434241,1,0.981422,0.010246,0
0.036021,0.452314,-0.31819,0,1.249335,0.502854,0
-0.085726,-1.648731,-1.311314,1,0.093009,4.974586,1
0.318017,1.11702,-0.349579,0,0.586164,5.340256,1
-1.125727,0.382185,-1.590663,1,0.474672,4.835562,1
-0.651293,1.588049,0.258965,1,0.359594,4.959746,1
0.258458,0.321234,-2.085115,1,1.534391,5.675898,1
0.996407,-0.594392,0.534102,1,0.451853,0.507139,0
0.715002,-0.006978,-0.367086,1,1.91893,0.999058,0
-0.168865,1.001236,-0.852524,1,3.564611,6.351819,1
-0.738315,-0.57342,0.075371,1,0.605888,-0.006062,0
0.152901,-0.24298,-0.176636,0,1.053745,0.476344,0
-1.34231,-0.024372,0.642419,1,1.280911,5.048735,1
-1.067921,-0.952055,0.633099,0,2.712934,5.706159,1
1.258851,-0.559006,-0.335673,1,0.818781,5.730985,1
0.151114,0.369867,-1.559734,1,0.072412,5.075467,1
-0.598447,1.399795,-1.229472,1,-0.364912,4.681224,1
0.578219,0.514464,-0.75961,1,0.843445,5.52261,1
1.036055,0.151456,0.393759,1,0.453049,5.500729,1
-0.695558,-0.633954,-1.144349,1,2.911438,5.896896,1
-0.678328,1.292477,-1.060904,1,2.671291,5.833786,1
-0.803566,0.630822,1.160388,0,-0.132944,4.69954,1
0.71293,-0.509413,-0.792262,1,0.190669,0.295138,0
0.722637,1.095965,-1.322695,0,0.975199,0.626107,0
1.134983,0.756894,0.088683,1,2.298655,6.289285,1
0.757683,-0.616213,-0.744097,1,0.958442,5.603203,1
-1.883138,0.095939,-2.077562,1,0.254188,-0.514842,0
0.030044,-0.295456,0.352951,1,0.842547,5.333378,1
-1.309305,2.830855,-1.435002,1,0.272944,-0.308153,0
-0.763834,0.729062,-0.644377,1,1.503906,0.325128,0
-0.080326,0.384079,-0.756102,1,0.192395,0.047094,0
0.584645,0.66998,-0.457862,1,0.390993,0.337622,0
-1.141763,1.57648,-2.879037,0,2.063363,0.42994,0
-2.57564,0.113937,-1.023062,0,0.133064,-0.787361,0
-0.070389,-0.392592,0.436874,1,-0.544699,4.750816,1
2.392652,1.0416,0.577483,1,0.996423,6.18866,1
-0.453766,0.022372,-1.679253,1,0.540956,0.071625,0
-0.204005,-0.872578,0.232635,1,1.412845,0.497113,0
1.531244,-1.067369,-1.449393,1,1.218901,5.961838,1
0.339355,1.726614,-1.062495,1,0.869511,5.481085,1
-0.034059,0.328962,-1.009947,1,0.840386,5.320089,1
0.191197,-0.39225,-0.579159,1,0.165571,0.132678,0
-0.000676,-0.037018,0.313403,1,0.984776,5.38502,1
-1.390674,1.004762,-0.423378,0,1.782714,0.222047,0
-1.592365,-0.096089,-0.814095,0,-0.072018,4.453736,1
1.635908,-1.252103,0.279348,1,0.896032,5.853358,1
-0.067037,0.523158,-1.490624,0,1.939818,5.729414,1
-0.150825,1.405665,-0.76518,0,1.406853,5.508369,1
-0.341148,1.338781,0.307818,1,2.210902,5.77248,1
0.530153,-0.362013,-0.158657,1,0.333287,5.286712,1
2.287771,1.46649,-1.154267,1,-0.929339,5.392371,1
0.273033,0.410267,-2.20092,0,1.102081,5.52301,1
-0.839007,1.438464,-0.377105,0,1.264,0.212433,0
-0.384321,0.771004,-2.266638,1,2.269851,5.771284,1
0.820076,-1.32428,-0.900464,1,2.089575,6.051807,1
-0.833721,1.944056,0.490985,1,1.438173,5.341746,1
0.601326,0.249101,-0.091204,1,1.666819,5.856402,1
-2.571657,0.774111,-2.711617,1,0.709608,-0.571768,0
-0.4808,-1.146728,-0.487511,0,-0.317686,4.696401,1
0.37722,0.702644,-1.007133,1,1.01915,0.534886,0
1.019206,1.300245,-1.96168,0,1.884002,1.077747,0
-1.069394,2.132637,-0.352942,0,1.55779,0.242292,0
-1.753685,1.597717,-1.179701,0,1.735236,0.091269,0
-0.511655,0.751542,-1.173497,1,0.473673,5.023072,1
-1.376339,-1.34706,-0.563918,1,0.635882,4.766736,1
-0.399957,0.32959,-1.313848,1,1.384854,5.408622,1
-0.257573,-0.395193,-0.592227,1,0.354922,0.054158,0
-1.570065,0.432295,-1.281288,1,0.385712,4.650936,1
0.553519,-1.019009,-1.226424,1,1.199411,0.657801,0
-0.408134,-0.01285,0.304967,1,1.662334,0.510538,0
0.82954,-0.319866,0.406709,1,0.7019,5.523098,1
-2.095825,-0.350849,-2.396617,1,-0.26176,4.193818,1
-1.268112,-0.340919,0.05911,1,0.165625,4.637118,1
0.265749,0.061462,0.710628,1,1.105101,0.505224,0
-1.050031,0.483512,0.869414,0,1.09295,0.092914,0
-0.415456,-2.301177,-0.167583,1,1.142667,0.297152,0
-0.250221,-2.179116,-1.745361,1,1.422724,5.437464,1
-0.092664,-0.141374,-0.057982,1,0.90724,5.303594,1
-0.928486,-0.000452,-1.557215,1,1.166485,5.156571,1
-0.101633,0.386428,-1.030928,1,0.856402,5.306189,1
-1.033464,-0.530355,-0.304881,0,2.050162,0.474985,0
0.42336,0.206782,-1.492722,1,2.333771,6.040603,1
-0.365764,0.32384,-1.834363,1,-0.287582,4.768472,1
-0.095883,-0.537241,-0.22219,1,0.646177,5.206507,1
2.319007,1.210773,1.179261,1,0.934153,6.145547,1
-1.358024,0.374303,0.555271,1,0.634514,4.805487,1
1.137662,0.744278,0.019223,1,2.694352,6.433443,1
-2.910271,0.266163,0.291222,1,1.125384,4.485752,1
-2.329297,2.30099,-0.050244,1,0.096057,4.296182,1
-1.49156,0.793714,-0.238063,1,1.497871,5.119331,1
-1.428448,-0.290676,0.210655,1,1.172404,0.016991,0
-0.047218,1.018284,-2.056326,1,1.205622,5.476331,1
0.038922,-1.440288,-0.488478,0,2.709305,1.056926,0
-0.505741,0.316917,-0.768911,1,1.252214,5.317631,1
-0.400798,0.516477,-0.60906,1,0.597767,5.117301,1
0.276845,0.328338,-1.149335,1,-1.053847,4.690229,1
0.582304,-0.136462,-0.167475,1,0.73603,5.472277,1
-1.577459,-0.814956,-1.505891,1,2.207399,5.334968,1
-0.612811,-0.59203,-1.221818,1,0.81026,5.082972,1
-0.32051,0.299392,-1.341843,1,-1.338621,-0.619067,0
0.234396,-0.916202,0.175984,1,0.403067,5.219052,1
-1.023587,1.967485,-0.699687,1,1.894118,0.392345,0
-0.340141,-2.443581,-1.148795,1,1.447246,5.392061,1
-0.220936,-0.126121,-1.061393,0,0.061548,4.950379,1
-0.95539,0.307707,-0.684082,1,0.336144,4.837547,1
-0.979235,0.704738,0.934212,1,0.49072,4.881056,1
-0.152174,-0.718608,-1.924483,1,0.238715,0.034578,0
-0.381265,1.331612,-0.012453,1,-1.128245,4.462363,1
0.249558,-1.196514,-0.216101,1,1.66502,5.726234,1
-1.304179,-0.368812,-1.570928,1,2.158489,0.41761,0
-0.601602,0.818065,0.77891,1,-0.61702,4.583117,1
-0.480136,1.237506,-0.148683,1,2.145282,5.713828,1
0.562944,-1.206684,-1.195696,1,0.798406,5.477691,1
-1.191334,2.842354,-2.547376,1,2.126561,5.483452,1
-0.016268,-0.700175,-0.458816,0,0.939379,5.330039,1
0.001836,-1.114865,-0.732709,1,1.036974,5.374435,1
1.395477,0.700032,-1.718676,1,1.273864,0.942806,0
-1.258009,-0.150976,-1.731577,1,0.111363,4.63465,1
-0.908153,-0.298735,0.180547,1,2.096103,5.521217,1
-1.188276,0.792961,-2.643658,0,-0.219952,-0.473563,0
-1.920699,-1.329979,-0.37368,1,0.499362,4.527089,1
1.513767,-1.504817,-0.8754,1,1.425694,6.041384,1
-1.492421,-0.400106,-0.190808,1,0.392234,-0.340706,0
-1.067225,1.275219,-0.982268,1,1.67896,5.334166,1
1.064847,-0.356738,-0.394688,1,2.277295,6.23016,1
-2.004027,1.796474,-1.430738,1,1.913975,0.090648,0
0.505432,1.398332,-0.737168,1,-1.034686,4.794577,1
-1.663944,0.480263,-0.198879,1,1.027276,-0.152338,0
0.995775,0.537041,-0.537091,1,1.930112,1.091516,0
-2.420798,0.47932,-0.307656,0,-0.41532,-0.971363,0
-2.004389,0.357035,-1.615884,0,1.62504,4.972198,1
-0.795842,-0.168925,-1.278638,0,1.56889,5.360025,1
0.720903,-0.052871,-1.261303,1,-0.310661,5.120255,1
-0.281878,-0.872643,-0.964453,1,1.735662,5.592781,1
-0.586635,-2.012726,0.67062,0,1.174127,0.265759,0
1.095124,1.301388,-1.042142,1,1.551811,6.00511,1
1.90432,0.354575,-1.831522,1,-0.064883,5.587222,1
0.421337,0.203528,-0.146317,0,1.051565,5.537523,1
-0.873775,0.595766,0.65868,0,-0.80345,-0.590566,0
-0.669063,-0.63108,-1.949175,1,-1.375562,4.215452,1
-1.539367,-0.803745,1.284848,1,1.042257,4.884232,1
-0.150103,-0.086368,-0.272786,1,2.002027,5.740803,1
-1.880513,1.565415,0.345928,0,1.154366,-0.161865,0
0.300944,-0.971424,0.779109,0,0.837983,0.425259,0
1.754654,-2.429748,0.284655,1,0.713895,0.848975,0
0.466672,-0.324084,-0.798499,1,-0.041136,5.132925,1
-0.720068,1.340017,0.529735,0,0.679568,0.034421,0
0.276017,-1.535227,-0.433363,1,1.323113,5.570524,1
1.369613,-0.982967,0.402522,1,0.466207,5.615966,1
1.319575,0.460864,0.511912,0,1.652016,6.095733,1
-1.254678,2.767224,-1.77886,1,1.097404,5.065904,1
0.259376,-1.160895,0.106338,1,1.218408,5.538599,1
-0.409021,-1.199617,-0.869855,1,1.790092,0.568126,0
0.555673,0.536015,-0.549772,1,0.374674,0.333684,0
0.132694,1.401991,-0.56087,0,1.56081,0.660371,0
-2.620641,-0.426782,-0.600993,1,0.514952,4.323169,1
-0.598933,-1.424077,0.835562,0,1.240943,0.281785,0
-0.052362,0.631066,-2.054411,1,0.255658,0.077514,0
-1.685285,0.812158,-2.410306,1,-0.009275,4.450013,1
0.330102,1.975972,-2.621253,1,0.993294,5.514357,1
-1.774935,0.854264,0.381181,1,-0.983771,-0.997802,0
-1.049359,1.025383,-1.4614,1,0.605162,-0.096357,0
1.090392,-0.064828,-0.555777,1,-0.704948,5.066134,1
-1.134698,2.638821,-0.80268,1,1.680663,5.347955,1
0.323047,-0.200825,-1.574338,1,1.95154,5.869848,1
-2.004494,-0.414605,0.163514,1,0.037478,4.345495,1
1.830395,2.006832,-0.815426,1,1.329742,6.162098,1
-0.555474,-1.27692,-0.925698,1,1.800565,5.499608,1
-0.155599,-1.650091,-0.455092,1,1.803898,5.609743,1
-0.071883,0.316874,0.032809,1,1.11588,5.41697,1
0.356647,0.19558,-1.646939,1,1.635734,0.744411,0
-1.7701,-0.030571,0.184955,1,0.252098,4.523779,1
-0.256256,1.191247,0.761891,1,0.984551,5.314777,1
-0.909689,-0.710889,-2.114085,0,0.434326,-0.130038,0
-1.940477,0.261484,-0.409664,0,0.167641,4.432557,1
0.736202,-0.162789,-0.992885,1,0.937492,5.604791,1
-0.603093,-0.693902,0.011268,1,1.248959,5.292422,1
-0.0084,0.135477,-1.904622,0,2.064938,5.801863,1
-0.071075,1.049913,0.940975,1,1.166585,5.463091,1
-0.585772,2.317885,-2.295858,0,1.54336,0.414008,0
1.724107,0.776736,-0.932244,0,1.554712,6.199802,1
-0.298185,-2.313518,-0.253667,0,3.588963,6.253604,1
-1.808872,0.159177,-1.3743,1,-0.908603,4.062852,1
-0.651301,0.24712,-1.531365,1,0.213495,-0.130974,0
0.248818,1.133526,-0.465727,1,2.375485,5.998456,1
0.281675,0.382127,-0.610203,1,0.549416,0.295508,0
-1.338701,1.450406,-0.682025,0,1.787232,5.290413,1
0.678563,0.588988,0.170726,1,1.131439,0.668457,0
-2.013787,1.756115,-1.082436,1,3.006631,0.4981,0
0.893215,-0.241429,-0.36837,0,-0.211625,5.208099,1
-1.570268,0.34166,-1.194566,0,2.12323,0.317344,0
-0.477165,1.023959,-1.537292,0,2.65101,0.876004,0
0.813649,-0.374877,-0.972722,0,-0.11299,5.223015,1
-0.131314,-0.592696,-1.186728,1,1.684299,0.619056,0
0.565779,-0.432035,-1.136767,1,-0.064069,5.152086,1
0.367742,-0.551899,0.477364,0,0.931591,0.478411,0
1.035349,0.719879,-0.942066,1,0.644841,5.614658,1
0.81129,-1.637491,-1.35087,1,-1.501325,4.65498,1
-0.704664,-1.358653,-0.659884,1,1.325663,5.246071,1
0.382022,2.060063,-0.583735,1,1.044768,0.534503,0
-1.777472,-0.52778,-1.874844,1,2.380508,5.323178,1
-0.308825,0.397332,-0.986369,1,1.512573,0.478377,0
0.567565,-1.291829,-1.026647,1,3.192313,1.423278,0
-0.117072,0.291441,-0.860107,1,1.008471,5.360429,1
0.19572,-0.52169,0.037565,1,0.795899,5.368194,1
-0.464192,-1.365772,-0.551291,1,0.717072,5.09741,1
0.878149,1.534237,0.539974,1,0.46184,5.493041,1
-0.331336,1.379883,-0.699623,0,-1.306322,-0.622606,0
-0.71637,0.089962,1.088124,1,0.681234,5.042675,1
0.635597,1.196736,-1.148738,1,-1.166426,4.747934,1
-1.65608,2.10061,-1.457525,1,1.353462,5.020659,1
0.250113,0.951393,-0.14066,1,-0.338631,4.983407,1
-1.293405,0.676997,0.676119,1,0.007096,-0.416161,0
1.027007,0.396267,-2.066766,0,0.232019,0.439809,0
-0.511947,0.846814,-0.884954,1,0.696494,5.099051,1
-0.115935,-0.166602,-1.298745,0,0.908297,5.300297,1
0.16165,-0.079319,-0.545112,1,1.985909,5.830346,1
-2.180605,0.648208,-0.677945,1,0.323899,4.438868,1
-0.901505,-0.276548,0.657418,1,1.381575,5.226044,1
0.792626,-0.168483,-0.796368,0,3.632296,6.667963,1
0.616845,0.197504,0.686821,1,1.27878,5.708186,1
0.032112,1.347925,-1.003063,1,0.720939,5.302201,1
-1.600384,-0.935347,0.238519,1,0.122277,4.510527,1
0.334583,0.956496,-0.4593,1,0.707097,5.3764,1
0.46248,0.989113,1.041922,1,0.015209,0.162491,0
-0.203903,0.983129,-2.164978,1,1.17009,5.397519,1
0.972251,-0.609429,-1.851821,1,1.004973,5.694397,1
-0.934352,-1.495365,1.143659,1,-1.26079,4.180864,1
-0.760778,0.757017,-1.421228,1,0.882871,0.098977,0
-2.735532,0.384856,-1.357766,0,1.977575,-0.126596,0
0.668908,1.201694,-1.563687,0,0.502317,5.447296,1
0.062942,-0.50322,0.460483,0,0.248532,0.100462,0
-1.93274,0.957435,-1.941421,1,-0.476272,4.200749,1
-2.009519,1.251729,-0.665513,1,-0.956563,-1.039477,0
-1.123551,0.102007,-0.953585,1,1.732778,5.317767,1
0.542738,0.614247,0.348553,1,0.719951,5.476857,1
-0.55128,0.579283,-1.251646,1,1.673451,5.489317,1
-1.055707,-0.624153,-0.27269,1,2.432753,0.618073,0
-1.257036,0.728414,-1.859179,1,1.822677,5.322874,1
-1.301832,1.819815,1.585978,1,0.359057,4.74564,1
-2.184598,0.219521,-0.927555,0,1.046297,-0.308699,0
-1.458316,-1.263608,-0.6792,1,0.286656,-0.360484,0
-1.321498,-0.48991,0.966791,1,0.193141,-0.356702,0
0.431703,-1.582112,-1.274636,1,1.244244,5.603626,1
-0.416643,1.487578,0.979419,1,0.069135,-0.131983,0
-1.076505,0.961422,-1.099434,1,-1.307723,4.174416,1
2.058803,-0.304052,-0.016265,0,0.013281,5.675139,1
-0.914817,-1.220743,-1.260645,0,0.594548,-0.084556,0
0.916183,-0.635978,-2.043999,1,2.422827,1.235184,0
1.370189,-0.44096,-0.273369,0,0.410492,5.579621,1
-1.82088,0.306725,-0.04806,0,1.413353,4.948436,1
-0.176957,0.273076,-2.003849,0,0.733121,0.226172,0
-0.768454,1.538749,-0.995021,0,2.127834,5.621072,1
-0.849844,-0.495438,0.512796,1,2.058525,5.518123,1
0.304457,-1.310871,-0.087844,1,2.077604,0.911574,0
-0.87379,-0.959661,-1.083178,1,-0.832555,4.359753,1
-0.746889,0.174292,-1.285489,1,1.108153,0.178582,0
-0.419035,-0.531361,1.260281,0,1.660368,5.492013,1
-0.624319,-0.094692,-2.134895,1,1.282968,5.286282,1
-1.42449,-0.256717,-0.747162,0,1.538025,5.123782,1
0.544987,1.187555,-2.15266,0,0.95978,0.549859,0
0.797611,-0.389649,0.626852,0,0.156645,5.311847,1
0.092699,-0.180025,-0.695087,0,-0.795668,-0.286303,0
-0.627473,0.914601,-0.509789,1,0.25586,-0.104713,0
-0.956131,-0.367665,2.080929,1,3.579539,6.070996,1
-0.95454,0.620529,-1.281436,1,0.415778,4.844699,1
2.106456,0.528802,1.060613,1,-1.057961,5.288799,1
0.686918,0.339083,-1.078695,1,1.634078,5.867061,1
-1.09103,-0.937079,-0.921475,1,1.756889,5.293325,1
-0.086222,1.427091,1.950212,0,2.188753,5.845346,1
-0.613455,2.418001,-0.849053,1,1.372408,5.38493,1
0.33288,0.206145,-2.062334,1,1.747031,5.782285,1
0.292579,-0.849038,-0.406044,1,2.741646,6.135682,1
0.83269,0.22642,-0.8607,1,0.155956,5.334797,1
-1.101476,1.187177,-0.320867,1,-0.042422,4.65084,1
-0.146185,-0.417871,-0.821561,0,-0.193158,-0.105082,0
-1.999467,0.068418,1.527582,1,0.635659,4.599911,1
-1.50826,0.537971,-0.131227,0,2.334851,0.425937,0
0.633181,1.400365,-1.762928,1,1.429497,5.794312,1
-1.201604,0.972741,-0.563416,0,1.390121,0.14073,0
-1.091829,1.014185,-1.487593,1,-0.917879,-0.709083,0
-0.259198,-0.228952,-0.935677,1,0.208242,4.990982,1
0.443841,0.599236,-1.598404,1,-0.934229,4.796594,1
-1.311747,-0.524646,1.419156,0,2.072675,5.358065,1
-3.731729,1.042843,-1.379348,1,2.487075,4.769592,1
-1.121143,1.348537,-0.000399,1,1.680996,0.286081,0
0.954708,0.750681,-1.011442,0,-0.085357,0.2821,0
0.092215,-0.170094,-1.846376,0,2.383451,5.954761,1
1.072955,-0.00641,-0.490314,1,0.648174,5.601445,1
-1.382736,2.003833,-0.287271,1,-0.31303,4.467152,1
-1.890316,-0.153393,-0.129336,1,-0.062975,-0.648417,0
0.211629,1.247311,-3.310182,1,0.471272,5.260543,1
-0.010897,0.536209,-1.922809,1,0.951008,5.358265,1
0.054634,-0.136819,0.269592,0,0.740085,5.305518,1
0.682077,-1.147332,-1.61157,0,-0.511239,0.020002,0
0.170765,0.408917,-0.485019,1,2.114745,5.87027,1
0.154698,0.288418,-1.945988,1,0.750823,5.349722,1
0.464087,2.003852,0.043638,1,0.187675,0.224349,0
0.251497,-0.662876,0.243307,0,2.011731,5.848766,1
0.606526,2.492086,0.043947,0,-0.281977,5.138309,1
0.757601,0.576128,0.344594,1,-0.727461,4.988975,1
1.280769,0.575146,0.875937,0,2.173916,6.290545,1
-0.900111,-0.395755,-1.862037,1,2.792817,5.786918,1
0.229642,0.512023,-1.476635,1,0.439333,5.255231,1
-0.621243,0.670368,0.209581,1,0.855459,5.14375,1
-1.084479,1.134644,0.442257,1,-0.245236,4.573273,1
-0.94046,-0.781005,-1.362306,1,0.906922,5.027602,1
0.244036,1.604098,-1.431849,1,0.425724,0.247621,0
0.167333,0.558733,-1.340176,1,0.799301,5.361029,1
0.149492,0.805546,-2.293058,0,1.310687,5.575597,1
-0.476634,-0.023625,-1.959374,1,-0.196716,-0.228156,0
-0.247505,-0.730826,-1.935256,1,0.539618,5.110446,1
0.566833,0.270042,-0.982061,1,-0.902352,4.838431,1
-1.740313,0.384613,-0.417126,1,0.546442,4.638363,1
-0.226278,-1.188111,-0.25449,1,0.807995,5.205767,1
-0.160964,0.990602,-1.196525,1,1.130411,5.408339,1
0.502384,1.193842,-1.17195,1,1.141006,5.624388,1
-1.601168,-0.532348,-0.564302,1,1.805352,5.150567,1
1.244214,-0.825268,-2.183978,1,-0.638238,0.1482,0
-0.03729,-0.105644,0.271478,1,-0.584848,-0.249742,0
0.015661,0.221212,0.597422,1,1.430387,5.574303,1
-0.6523,-0.066854,-1.313544,1,-1.137532,4.343478,1
0.287102,0.136399,-1.086399,1,1.084729,5.510586,1
-0.202966,0.418795,0.555349,0,-0.278864,-0.181072,0
0.958062,-1.170952,-0.811015,1,2.474244,6.269206,1
-1.692414,-1.055979,-0.099718,1,1.151881,4.883353,1
-0.075374,-2.524961,-0.780268,0,0.682273,5.182473,1
0.157592,1.139862,0.868344,1,2.12915,5.914222,1
-0.437292,0.212544,-0.197883,1,-0.161973,4.796699,1
-0.655586,1.245168,-0.140307,0,0.028019,4.827344,1
-0.613877,-0.940421,-0.121656,0,-0.360026,-0.343182,0
-0.076281,0.221724,-1.243077,0,0.03639,0.001024,0
-2.060879,0.412144,-1.151202,1,0.962545,4.695398,1
0.714095,-0.364465,0.081283,1,1.395381,0.77522,0
-0.731052,-1.356111,-0.56155,1,1.862851,5.472729,1
-0.123117,1.943188,-1.865574,1,-0.923295,4.612506,1
0.116182,1.5966,1.185141,1,0.729566,5.351864,1
-0.776725,-0.184615,0.290109,1,-0.206736,-0.339161,0
-0.381958,0.707545,-0.650337,0,0.696142,0.152816,0
-2.28616,-0.287474,-0.961464,1,3.235593,0.521641,0
0.481204,-0.798087,-0.489287,1,1.193291,5.614987,1
0.829149,2.024579,-0.170443,1,1.800894,6.013932,1
-1.951914,-1.458052,-2.720964,1,2.86212,5.448049,1
-0.657413,-0.088187,1.424387,1,2.028787,0.571409,0
-1.480789,0.281641,-1.477847,1,0.453515,4.698536,1
-0.42866,1.848554,-0.689869,1,-0.374403,-0.271822,0
0.397716,1.093906,-0.653096,1,0.871285,0.461548,0
0.736389,-1.474933,1.308887,0,0.333723,5.33974,1
0.870933,0.194567,-0.776087,0,-0.623092,5.045722,1
1.059624,0.218377,0.900544,1,1.142354,5.806606,1
-0.473333,-0.031021,-0.281236,1,1.167315,5.301223,1
-1.397879,0.817126,-1.649848,0,2.670546,0.591901,0
-0.36551,-1.21179,-0.553256,0,0.539666,0.100742,0
0.382348,-0.211319,-0.806472,1,1.18155,5.587641,1
-1.47818,0.676136,-1.772033,0,0.235944,4.6093,1
1.409217,0.876893,-0.33024,1,1.774598,6.186526,1
0.646969,0.346736,-0.66586,0,0.776811,0.528899,0
-0.457487,-0.091075,-0.131541,0,-0.271163,-0.255014,0
-0.961792,0.077376,-0.49461,1,0.887957,5.018211,1
-0.920041,0.937724,-1.339066,0,1.291952,5.203671,1
-0.176714,0.231218,0.080371,1,1.156702,5.399585,1
-0.480323,-0.844531,-1.312361,0,1.947326,0.594149,0
0.699583,-1.036181,-3.787634,1,-0.546627,4.979788,1
-0.593896,-1.29232,-0.55931,0,0.058686,4.788056,1
0.254582,1.652898,-1.242037,1,1.541216,5.710274,1
-0.279845,1.004779,-0.305832,1,0.17616,-0.02118,0
0.018749,0.090829,1.310909,1,1.1419,5.466785,1
-0.480976,-0.256475,1.339777,0,-1.518316,-0.744389,0
0.456796,-0.376613,-0.853086,0,3.617376,1.555263,0
0.47162,1.290554,-1.514478,0,0.63171,5.428796,1
0.209009,2.101751,-0.10328,0,2.095385,0.887782,0
0.356594,-0.408076,-1.058189,1,0.564531,0.344257,0
-1.195289,1.335733,-0.296186,1,1.316128,5.145521,1
0.072326,0.22533,-1.348824,1,2.393349,5.970738,1
0.998282,-0.015112,-0.437271,1,2.067235,6.140666,1
0.240485,1.701531,-1.499937,1,0.696974,5.383183,1
-1.281638,0.187151,0.49629,1,0.766175,-0.122937,0
-0.300687,0.493681,-1.277941,1,1.904996,5.662049,1
0.124058,0.445591,-0.02686,1,3.234673,6.302114,1
-1.00832,-1.428282,-1.95273,1,1.093712,5.053579,1
-1.609191,0.485728,0.093211,1,2.858493,5.580003,1
-0.567018,-0.365375,-1.654347,0,0.660015,0.063251,0
-0.991752,-1.223836,-0.426786,0,1.853389,0.403472,0
-0.265209,-0.31982,0.335238,0,2.002585,5.682992,1
-1.842325,-0.328072,-0.887946,1,0.491468,4.583268,1
0.313781,1.2272,-1.71713,1,0.154351,5.181124,1
-0.885525,-0.866473,-0.19115,0,2.046818,5.485912,1
0.744832,-0.59253,-1.528944,1,0.369872,5.366937,1
-0.527819,0.432705,-1.092209,1,0.007079,4.836901,1
-0.276309,-1.128477,-0.4225,1,0.217469,4.971171,1
-0.423955,-0.46169,0.672713,1,0.365816,4.998959,1
-0.93908,-1.46716,-0.66141,1,1.758046,5.352313,1
2.221359,1.117328,-0.665105,1,1.416472,1.278241,0
-0.746786,-0.104046,0.04955,1,1.617087,0.370076,0
0.772602,0.181399,-0.637591,1,1.322809,5.782799,1
-1.344549,1.113327,-0.052433,1,0.307589,-0.321885,0
0.121211,-0.524952,0.390571,0,1.598532,0.663314,0
0.227952,-0.11467,-1.0157,1,2.083883,5.900456,1
-0.275097,-0.859011,-3.962974,1,1.485932,5.481647,1
-0.821925,-0.861187,-1.50589,0,1.351085,0.261332,0
-0.514242,-0.723266,0.520719,1,0.134374,4.870123,1
-0.65421,-0.295173,-0.721728,1,1.113246,5.213538,1
2.151106,-0.187479,-1.027093,1,0.081188,5.735841,1
-0.273523,0.485949,0.478822,1,0.877401,5.26534,1
0.273969,-0.6939,-0.789288,1,-0.738838,-0.180898,0
1.530705,0.51695,-2.780496,0,-0.731129,5.251511,1
-1.127239,0.682318,-2.193265,1,0.710381,4.922867,1
-0.21326,-0.270505,-0.269315,1,0.352989,0.046062,0
-0.520106,-0.607408,-0.754854,1,1.008216,0.212735,0
-0.337058,0.282396,0.766693,1,0.76666,0.20628,0
-0.429932,-0.0056,-1.421232,1,0.93162,0.229166,0
-0.982797,0.417669,-0.997464,1,1.510036,5.278152,1
-0.05551,1.767183,-1.572466,1,0.43816,0.150834,0
-1.313553,0.265954,-1.208557,1,0.681985,-0.1769,0
0.737963,-0.441914,-2.579867,1,2.35645,6.1685,1
0.37239,-0.693573,-1.073648,1,0.904513,5.453231,1
-0.744383,-0.654885,-0.739832,0,0.722219,0.044585,0
-0.695903,-1.265449,-0.824294,1,0.983942,0.142146,0
0.024591,1.130061,1.46159,1,0.740065,5.315464,1
-1.049465,-2.035962,1.145522,1,0.191857,-0.259437,0
1.56106,0.685422,-1.438862,1,-0.096601,5.484607,1
0.107006,-0.670747,-2.7319,1,0.137998,0.085165,0
0.142343,-0.315088,-0.787163,1,1.774348,5.73213,1
0.430525,-0.700671,-0.311453,0,0.271524,0.233589,0
-0.830383,1.643182,-1.548447,0,0.746504,5.034185,1
0.83809,0.213633,-1.498939,1,1.602165,5.910149,1
-0.136387,0.987696,0.894592,1,0.623038,5.212344,1
0.699225,1.497844,-0.945515,0,1.53479,5.862418,1
-0.448873,0.360722,-0.025713,0,-0.639364,4.621686,1
1.066358,-0.998307,-1.618269,0,0.768912,5.642443,1
0.150424,-0.023326,-0.744903,1,0.980325,0.415039,0
1.931587,-0.544931,-1.024301,1,0.924568,5.976341,1
-0.620442,-0.306187,-1.363336,1,-0.75149,4.503411,1
-0.046371,0.102693,0.467337,0,2.104542,0.810236,0
-1.282496,0.063161,-2.07684,1,0.046756,4.621375,1
-0.780218,0.609426,-0.387906,1,1.236466,0.216812,0
0.367767,0.754621,-1.043085,0,0.909393,5.500739,1
0.878404,0.063172,-0.273139,1,1.905139,1.03397,0
