W0,W1,Z0,X0,t,t_bin,y,noise_t,noise_y,noise_y_t0,noise_y_t1,R0
-2.863469,3.866439,1,-0.075805,0.240219,1,5.564749,-0.341577,-0.001245,-0.016402,-0.021035,-0.284494
0.69945,0.8048,1,1.251749,2.622101,1,5.543024,0.867193,-0.023382,-0.005478,0.014948,-1.237323
0.565525,-0.031784,1,-0.328845,0.633067,0,0.160138,-0.939703,-0.01291,0.002625,-0.01973,0.626817
-1.774796,1.654755,1,-1.766976,1.912686,1,5.032822,1.157553,0.003286,-0.017044,0.009642,-1.253474
-0.678966,-0.226398,1,-0.294244,0.95086,1,4.686563,-0.028803,0.002922,-0.020739,0.007211,0.509223
-0.993327,1.465706,1,0.542262,-0.246082,1,5.262234,-1.328503,0.006725,-0.017612,0.003196,-2.16403
-0.954264,0.399173,1,0.459267,1.625662,1,4.843437,0.680215,-0.00781,0.002591,-0.005228,-1.06837
-2.390541,1.113024,0,-1.057791,-1.122472,0,-0.347619,-0.19885,0.002599,-0.004847,0.005028,-1.018941
-0.880395,1.992475,0,-0.153879,-1.818434,1,5.475225,-1.707838,-0.009459,-0.0062,0.010485,-0.408971
0.3468,0.790696,1,2.881991,1.925262,0,0.424361,0.332468,0.0026,-0.005856,-0.009858,0.173854
2.308568,1.834308,1,-1.035952,3.64122,1,6.452662,1.006596,0.000532,-0.014241,0.009764,-1.937358
0.143313,1.774588,1,0.85804,2.925284,1,5.746267,1.282136,-0.008209,-0.004564,0.009309,-1.795946
-0.128701,-0.962903,0,-1.899359,-0.576442,0,-0.401756,-0.378352,0.015582,-0.018204,0.002931,-2.089871
-0.766356,-0.000172,1,1.061109,1.11813,1,4.75153,0.145318,-0.017056,0.011876,-0.00538,0.632221
-0.851174,-0.660378,1,-0.695008,0.889083,0,-0.537787,0.050536,-0.001416,0.016923,0.009355,-0.390358
0.69652,2.903166,1,0.599405,3.547757,1,6.362264,1.489803,-0.008429,-0.023261,0.005083,-1.772334
0.040114,0.796037,1,-1.094209,0.643875,1,5.321066,-0.810489,0.018342,-0.004691,-0.01016,-1.131058
-0.88648,2.682258,1,0.48817,0.842725,0,0.760297,-0.464659,0.005984,-0.00404,-0.003674,0.493798
-1.272472,-0.731523,1,-0.711333,-0.197721,0,-0.708723,-0.83472,-0.006493,-0.001745,0.008191,-0.966082
-0.412675,0.328661,0,-0.517731,-1.588791,1,4.980206,-1.449151,-0.002797,0.010015,0.001146,-1.025151
-0.784569,1.701927,1,0.639303,1.459228,1,5.436425,0.247787,0.018613,-0.004662,0.01086,-1.46926
-0.256448,1.080704,1,-0.233068,2.962344,1,5.323103,1.601298,-0.009463,-0.000883,-0.003416,-1.712955
-0.48037,1.434289,1,0.577698,1.112211,1,5.394485,-0.198484,-0.017644,0.029791,-0.009999,0.495361
0.138429,-0.352379,1,0.006476,0.45051,0,-0.088984,-0.881897,0.00291,-0.001113,0.021936,0.985939
-1.516039,2.278232,1,0.264811,1.14988,1,5.398592,0.18686,0.003136,0.017662,-0.016809,-1.673157
0.841072,1.678445,1,0.642403,2.535035,1,5.948419,0.589118,0.00666,0.00502,-0.004998,0.716979
2.527393,1.303055,1,-0.152701,2.500526,1,6.34023,-0.156363,0.006726,-0.005537,0.002797,-1.175352
0.94272,0.215819,0,-0.798733,1.862743,1,5.395893,1.403535,0.017707,-0.007207,0.009861,-0.154315
-0.032282,1.225229,1,-0.334995,0.671397,1,5.443278,-0.812362,-0.017181,-7.3e-05,0.006464,0.722251
0.630841,0.609939,1,1.392456,1.408531,1,5.458609,-0.28697,-0.012028,-0.011265,0.023113,-0.83304
-1.260005,-0.749062,0,0.31349,-0.384586,0,-0.698353,0.295988,0.006622,-0.008639,-0.001176,-1.015905
-1.834214,0.851006,1,-0.647581,1.004539,0,-0.280938,0.392964,-0.011056,-0.004231,-0.00873,0.113118
0.52278,0.744699,1,0.598878,1.713228,1,5.45823,0.047228,-0.014566,0.002933,-0.002197,-1.797916
-0.789062,1.963831,1,0.665633,-0.031028,0,0.525021,-1.27842,0.018658,0.01826,-0.0032,0.459098
-1.597598,-1.332997,1,0.717316,2.740189,1,3.954112,2.338011,-0.016199,-0.00485,-0.000683,-0.545154
-1.131511,1.136629,0,-0.78052,-0.584693,1,5.053629,-0.23597,-0.003513,0.004615,-0.009825,-1.265714
-1.381472,-0.254139,1,-0.485074,0.767038,0,-0.552579,0.110268,-0.000594,-0.016279,0.007841,-1.292131
-0.116491,1.220652,0,-0.479512,0.740946,1,5.441441,0.616761,0.013091,0.010603,0.003708,-2.071426
0.331203,1.275709,0,-0.163331,-0.301125,0,0.586916,-0.636505,-0.018688,-0.017217,-0.012639,-1.224135
0.636828,0.814584,1,0.736236,1.78483,1,5.544153,0.056926,0.004155,0.007984,0.00968,-0.952001
0.643412,1.708722,0,0.493502,-0.137287,1,5.877041,-0.67719,-0.008904,-0.000809,-0.008115,-1.749257
0.504078,-0.344337,1,0.572534,1.915092,1,5.048166,0.415551,0.006276,-0.001207,-0.011828,-0.733428
-0.458086,2.009149,0,1.551336,-0.192514,0,0.623475,-0.276023,-0.009068,-0.003003,0.000873,-0.215046
-0.874397,0.19335,1,0.886208,1.220561,0,-0.195658,0.268719,0.015723,-0.013013,-0.017578,-0.901435
-1.759073,-0.65447,1,0.055515,-0.619231,0,-0.840773,-1.046537,-0.00901,-0.012483,0.005895,-0.025237
0.848727,0.629033,1,-0.986568,0.968253,1,5.480202,-0.828916,-0.02462,0.008365,-0.028388,-1.495103
-0.428652,-1.193729,1,-0.51723,-0.412175,1,4.376776,-1.365141,-0.007888,0.000119,-0.010294,0.31542
-0.661303,1.155603,1,-0.064388,0.477615,1,5.229553,-0.71053,-0.002613,-0.003076,0.015751,-0.566148
0.928796,0.642179,1,1.026447,-0.738104,0,0.565556,-2.573524,0.010824,0.004434,-0.006867,0.857294
-1.149128,2.135116,1,0.169985,0.801702,1,5.44564,-0.3071,-0.012584,0.001013,-0.005116,1.726254
0.583875,1.550353,1,-0.458879,1.276354,1,5.774444,-0.53424,-0.012386,-0.007929,0.012737,-1.158207
0.045641,-0.490567,1,-0.535576,1.421156,1,4.823388,0.150911,0.009606,0.02461,-0.007929,-1.117027
-1.28875,0.063042,1,0.127739,0.789473,1,4.590636,0.044608,-0.013752,0.007408,0.007634,-0.934205
-0.326724,1.422093,0,1.087305,1.31506,1,5.465543,1.25708,-0.00179,0.001271,0.011742,-0.092261
0.722044,1.748508,0,1.788336,3.175675,1,5.949969,2.59431,-0.001587,-0.005136,0.004785,0.638007
0.544675,2.12393,0,-0.008452,1.692853,0,1.008235,1.137539,0.002176,0.009528,-0.014449,-1.340771
1.244514,2.115938,1,0.152574,1.739392,1,6.227786,-0.453108,-0.007498,-0.007876,-0.00604,-0.306719
0.087261,0.811906,1,-1.016625,0.984675,0,0.335654,-0.493391,-0.00927,-0.008718,0.027136,-0.82389
3.121376,1.264085,1,2.13651,3.789509,1,6.559443,0.868663,0.003349,0.016933,-0.004905,-0.069854
-1.171311,2.200168,0,-1.203686,-1.895862,0,0.464141,-1.683345,-0.00896,0.000307,0.029863,0.821495
-0.649558,0.598121,1,1.368979,0.797408,1,5.032157,-0.315203,-0.0136,-0.007633,0.01709,-0.928291
-0.311784,1.281155,1,-0.168019,1.126851,1,5.406016,-0.238153,0.012278,5.7e-05,0.005191,-2.357831
-1.66967,0.574548,1,-0.402049,1.230292,1,4.673693,0.584131,0.004881,0.008502,0.002972,0.055939
0.791572,0.350481,0,-0.912687,1.024001,0,0.41377,0.613866,0.017675,0.006213,-0.004648,-1.520668
0.652612,0.949814,1,2.607366,1.010123,1,5.640853,-0.744561,0.00784,0.009743,-0.000889,-0.831079
-0.23192,0.213886,1,0.418809,0.83207,0,-0.005398,-0.414373,-0.012681,-0.012496,-0.006887,0.099068
-0.785336,0.770513,1,0.218597,1.521091,1,5.047749,0.445104,0.000964,0.009491,-0.000636,-0.390568
-1.745974,-0.133526,1,1.084049,-0.290103,0,-0.634669,-0.798921,-0.010156,-0.001791,-0.013622,-0.789683
-1.040178,0.711435,1,-0.453516,2.157863,1,4.911065,1.206118,-0.016516,0.000891,-0.014158,-1.263845
0.492791,1.349819,1,0.199163,2.349338,1,5.68673,0.609175,-0.004472,0.012095,0.01301,-3.587857
-0.463081,0.312665,1,0.253653,1.327356,1,4.984551,0.17151,0.009815,0.007027,-0.016123,0.010358
-0.677789,0.910721,0,-0.314829,0.215395,0,0.135316,0.390941,0.002749,0.003511,0.008861,-0.940915
0.250528,1.040772,1,1.396955,1.11848,1,5.499959,-0.466891,-0.013909,-0.01984,-0.018944,0.825373
0.907267,1.353964,0,-0.021337,-0.018083,1,5.819754,-0.626291,-0.004823,-0.000455,0.006296,-0.289935
0.006197,0.767849,0,-1.355815,-0.31053,1,5.274277,-0.424722,-0.001429,-0.007847,-0.002076,-1.229088
0.063593,1.987295,1,-0.10418,2.137784,1,5.776236,0.499967,-0.016891,0.00711,0.013213,0.378907
1.120942,-1.19949,1,0.446496,1.856509,1,4.915759,0.201015,0.007132,0.00991,-0.00332,0.463166
-0.075367,3.839182,1,-0.696176,1.420652,1,6.455631,-0.422714,-0.002287,-0.00302,-0.020095,-0.906995
-0.560209,0.030295,0,-0.617278,0.499696,1,4.802611,0.749582,-0.013906,-0.00667,-0.00188,0.505682
0.422206,1.304819,1,-0.348942,1.52765,0,0.632312,-0.173946,-0.014472,0.015563,0.001597,-1.243271
-0.50755,-0.037039,1,1.418553,0.391626,0,-0.169846,-0.693311,0.011007,-0.006031,-0.00132,-0.528315
-0.618746,1.545697,1,-0.289841,1.518388,1,5.390054,0.254342,-0.003808,-0.011945,0.005751,-0.116555
1.022814,1.177998,1,1.626434,0.942788,0,0.806214,-1.01303,0.011904,-0.008327,-0.005644,0.096819
-0.542873,0.250715,1,-0.417633,-0.57658,0,-0.064606,-1.687224,0.015722,-0.00555,-0.012634,-0.066441
-2.906096,1.974516,1,0.522331,0.282911,0,-0.17341,-0.005105,0.010224,-0.008614,-0.009996,-1.02062
0.094598,0.737468,0,-0.248926,-0.507503,0,0.312995,-0.657414,-0.005334,0.008454,-0.005158,0.405735
-0.646436,1.448645,1,0.9514,0.983246,1,5.345313,-0.254154,-0.024978,-0.021979,-0.005243,-0.81239
-0.540057,-0.015731,1,-0.920957,0.106539,1,4.802618,-0.966733,0.00313,-0.008826,0.024061,-1.25699
0.202016,0.870541,1,0.940176,2.74759,1,5.443975,1.208932,0.020916,-0.000475,0.012551,-1.242301
-0.416981,2.904836,1,0.311186,0.891284,1,6.000466,-0.661493,-0.000354,0.002102,0.006867,1.252025
-0.035981,1.864395,1,-0.442675,1.142794,0,0.694655,-0.431999,-0.019898,0.016918,0.00446,-1.429946
-2.273235,1.20905,0,0.031096,-0.478565,1,4.719493,0.377883,-0.006749,0.015452,0.002998,0.603672
-1.193977,0.452508,1,1.731172,-0.532238,0,-0.217041,-1.376614,-0.001837,-0.016007,0.00305,-1.82343
1.153039,0.968928,1,0.335162,0.534051,0,0.744579,-1.45055,-0.01098,-0.01908,0.001633,-0.200058
-0.269471,1.098995,1,-0.505411,1.73874,0,0.314161,0.380953,-0.02564,0.00025,0.000401,-0.39088
-1.924425,1.350657,1,-1.007376,0.198157,1,4.875294,-0.444948,-0.000979,-0.006732,-0.020919,0.933264
-1.323452,-0.175232,1,0.702721,-0.206944,0,-0.510068,-0.901495,-0.007849,-0.01192,-0.003691,-1.342365
-1.243506,1.569837,1,0.393162,1.587341,0,0.221584,0.603373,0.017727,0.000161,-0.002403,-1.618627
-0.148572,-0.188164,0,0.892338,-0.906653,0,-0.121013,-0.811922,0.00101,0.002307,-0.00749,-0.804473
-0.683529,2.532555,1,-1.264908,1.103277,1,5.743467,-0.274512,0.004696,-0.00839,-0.005561,0.976839
-0.910102,0.129801,1,-0.974943,0.030287,1,4.732645,-0.89613,-0.001191,-0.006241,0.003007,-1.572121
-0.246983,1.198057,1,1.344196,1.685801,1,5.411961,0.303437,0.000937,-0.00762,0.007676,-3.27638
0.226834,1.906572,1,0.528659,3.032279,1,5.81057,1.332076,-0.016523,-0.004115,0.002992,-0.628195
-0.509949,0.649049,1,0.730718,-0.677672,0,0.075253,-1.86104,-0.010402,0.005414,0.007424,0.26156
-0.825629,1.242029,1,-0.76537,1.238751,1,5.209672,0.112658,0.010886,-0.010779,0.007601,-1.701769
-0.672418,2.336611,1,-0.78367,2.210998,1,5.677212,0.856588,0.002095,-0.006407,-0.002997,0.159969
0.088901,1.465832,1,1.188576,1.152186,0,0.59624,-0.421478,-0.003985,-0.003993,0.005253,-1.723874
-0.2583,1.25698,1,1.235695,0.254732,1,5.433091,-1.131042,0.004862,-6.8e-05,-0.017464,-0.834522
0.516377,-0.783356,1,-0.891002,1.862406,1,4.852446,0.420964,0.005059,0.00276,-0.003843,0.064719
-1.400713,-0.032293,1,-1.082053,1.68187,1,4.527714,1.001654,0.019909,0.020423,-0.005019,-1.875428
-1.026256,1.948349,1,0.088724,2.028005,1,5.425855,0.890522,0.001631,0.005721,0.015313,-0.50645
0.522221,1.471379,0,-0.602031,0.816376,1,5.722533,0.365909,-0.010625,0.005959,0.003371,0.527011
-1.052748,1.622895,1,-0.62286,1.176164,1,5.274217,0.097914,-0.001157,-0.002666,-0.013345,-0.214029
1.133096,1.536826,1,-1.054061,1.158912,1,5.95654,-0.899013,0.006076,-0.009799,0.005946,-1.408589
1.154285,2.191186,1,-0.271117,3.027705,1,6.237011,0.865245,0.009957,-0.005282,0.009098,0.830755
1.141406,0.640029,0,-0.957378,1.420882,1,5.589471,0.809957,-0.01615,-0.007103,-0.000897,-0.02957
-1.131561,1.021929,0,-0.898084,-1.503441,0,0.029641,-1.138058,0.002537,0.003922,0.006903,-2.548411
-0.174025,-0.127245,1,0.495709,1.587719,0,-0.115608,0.36448,-0.008973,-0.016513,-0.024957,0.176281
-0.744352,-0.376594,0,0.142119,0.260334,0,-0.396452,0.652824,-0.005666,0.005925,-0.026993,-1.259337
0.672243,-0.742312,1,0.682196,2.400258,1,4.952501,0.882114,0.008458,-0.001172,-0.011787,-0.491399
1.455685,0.016266,1,-1.451716,1.908795,1,5.463833,-0.07499,0.007462,0.007333,0.00149,0.320041
0.622669,2.453991,0,0.207198,-0.218975,1,6.157333,-0.857568,-0.006782,-0.007239,0.015322,-1.237568
-0.241776,-0.651298,0,2.272955,-0.706332,0,-0.334595,-0.502116,-0.001578,-0.009014,-0.011264,-2.333556
-0.616459,0.597893,1,-0.174955,0.120352,0,0.02544,-1.00725,-0.005361,-0.004067,-0.008537,0.817582
0.398167,-0.391716,1,1.022066,1.393535,0,0.006864,-0.051061,0.028917,-0.004306,0.000886,0.47662
-1.473794,0.300455,1,1.013324,0.448426,1,4.65563,-0.246885,0.002784,0.008063,-0.004923,-0.775219
0.285416,1.071123,1,1.062516,3.750645,1,5.522453,2.145036,-0.008395,0.007968,-0.005492,0.165458
-1.165611,0.201313,0,0.363979,0.394805,0,-0.290544,0.894677,0.013222,0.01905,-0.004215,-1.05735
0.369628,1.991094,1,0.763403,2.746826,0,0.910485,0.969548,0.013575,-0.004955,0.013148,-0.590993
-0.411857,2.435407,1,0.896331,1.958362,1,5.848525,0.471352,0.017917,-0.033476,0.011161,-0.832251
-0.639184,-1.347667,1,0.832763,0.467758,0,-0.713743,-0.367318,0.02088,-0.004094,0.000235,-1.016907
-1.136432,0.218437,1,-0.920101,0.561153,1,4.702263,-0.27539,0.007077,0.002307,0.016545,-0.32866
-0.607665,0.960571,1,-1.510067,1.000332,0,0.171482,-0.183869,-0.003499,0.007145,0.00509,-1.896142
0.305202,2.027546,1,-1.356267,1.941556,0,0.887961,0.188233,-0.002026,0.003036,0.011539,-0.939544
0.792941,0.447185,0,-0.072843,0.813953,1,5.429929,0.38917,-0.002921,-0.004963,-0.008605,-0.373484
0.275528,0.881494,0,0.791244,0.253636,1,5.444594,0.000709,-0.004038,0.017142,-0.006537,1.150138
1.112967,-0.255315,1,-0.907094,1.498232,1,5.260822,-0.290598,0.012399,-0.010337,-0.006644,-1.855497
2.288243,-0.631367,0,1.121287,0.35294,1,5.525398,-0.594116,7e-06,-0.002746,-0.000867,-0.16741
-0.575411,2.346814,0,-0.304958,-1.313414,0,0.735338,-1.392649,0.009714,-0.010799,0.000599,-0.057814
-0.456787,-0.922641,0,-0.295438,0.94221,1,4.491985,1.283379,0.006765,0.000196,0.003242,-2.564682
-1.690961,3.230048,1,-0.63879,3.227217,1,5.680955,2.20553,-0.010987,0.01589,0.019731,-0.277431
0.939807,1.62658,1,-1.687469,3.182546,1,5.892981,1.199337,-0.017172,-0.001409,0.007213,0.192322
1.048477,1.581402,1,0.426631,0.766916,1,5.955537,-1.259066,-0.012367,-0.001348,-0.005148,-0.09931
-1.118066,1.476898,1,1.909985,1.814441,1,5.240398,0.787017,-0.004267,-0.01696,-3.3e-05,-0.77189
0.366721,0.648743,1,0.134652,2.605021,1,5.376863,1.023776,0.001343,-0.00287,0.015049,-0.354723
0.966151,1.293514,1,-1.653315,1.543416,1,5.78319,-0.403438,-0.006483,0.011505,0.007819,-0.518118
-0.024632,0.712532,1,0.97766,1.90179,0,0.27655,0.488927,0.007031,-0.002502,0.014918,-2.37742
0.596481,1.454502,0,-1.427481,0.025422,1,5.730147,-0.456303,-0.005277,-0.003178,-0.004827,-0.494643
-0.076087,0.867742,1,-1.011717,2.940949,1,5.296678,1.528929,0.00257,0.011057,-0.007117,-1.055033
-1.467775,-0.048919,1,-0.041021,1.012736,1,4.500074,0.365371,0.001176,-0.003136,-0.00697,-1.392785
0.798427,0.030856,0,0.32016,-0.550272,0,0.291164,-0.917155,0.017344,0.012921,-0.00402,1.797007
1.074186,-0.082843,0,-0.811347,1.145366,1,5.294947,0.669808,-0.009752,-0.012846,-0.010633,0.564653
0.483581,1.87233,0,-0.079999,1.549868,0,0.91009,1.058781,0.022084,0.006779,0.002952,-1.838135
-1.205417,0.283982,0,0.912479,-0.307817,1,4.726589,0.198132,-0.005943,0.016463,0.003124,-0.341327
-1.002099,-1.010674,1,1.049496,1.198671,0,-0.735732,0.479442,-0.013401,0.010079,0.013388,0.770062
-1.381348,1.298268,0,1.448773,-0.508431,1,5.077909,-0.069753,-0.002169,-0.018673,-0.017603,-2.184162
0.519057,2.415947,1,2.106736,0.77245,1,6.183409,-1.13428,0.032401,-0.006383,-0.009441,-0.61098
1.01747,1.674512,1,1.007206,1.873679,1,6.013871,-0.151734,0.008952,-0.00242,0.008056,-0.56389
0.173566,0.298105,1,-0.01942,1.96575,1,5.178715,0.52304,0.00603,0.0101,0.001835,-1.962456
0.689616,-0.685383,1,1.056631,1.406261,1,4.986905,-0.128027,0.007952,-0.013316,0.000448,-0.308413
-1.118561,0.767161,1,0.664033,1.725015,1,4.936891,0.800765,-0.007696,-0.010189,0.012639,0.428283
-0.105058,0.742205,1,0.703684,0.988479,1,5.27119,-0.392182,0.00326,-0.016052,-0.0101,0.820085
-1.620791,-0.067771,0,0.374536,-1.072102,0,-0.557824,-0.326591,2.5e-05,-0.008258,-0.007287,-0.937327
-1.022701,1.452466,1,-0.714737,1.898287,1,5.235194,0.83112,0.018091,-0.012516,-0.008465,1.813682
0.627754,2.748056,1,-0.830779,2.226095,1,6.259758,0.221853,-0.001087,0.015979,-0.020129,-2.74593
-0.490515,1.123712,0,0.100199,-0.471368,0,0.273169,-0.411722,-0.003783,-0.006474,0.001328,-0.331746
0.958462,1.061905,1,0.346227,2.943574,1,5.722839,1.033805,-0.011648,0.006909,-0.005229,-2.100257
0.28704,-0.035799,1,-0.482124,0.757047,1,5.072513,-0.688736,0.0014,0.00018,-0.007329,-0.59778
2.483502,2.298844,1,0.620659,2.054461,1,6.724522,-0.726949,0.00293,4e-05,-0.009134,-1.20987
-0.157155,0.826285,1,2.278083,-1.460239,1,5.301168,-2.829449,-0.012016,-0.005914,-0.000177,-0.181086
-1.657325,0.322466,1,-1.547014,0.06123,0,-0.413264,-0.553969,0.004532,0.0077,-0.007985,-0.814844
-0.28545,0.965117,0,0.779561,1.319145,0,0.284736,1.308717,0.002332,0.001543,0.002216,-1.513947
-1.213936,1.37339,1,0.131342,-1.103398,1,5.149622,-2.072293,0.010134,0.000967,0.004592,-1.448254
0.72626,1.040644,1,0.647973,0.849367,1,5.667859,-0.95192,0.012124,-0.005934,-0.002946,1.244496
-0.20894,2.107582,0,-0.233398,0.649944,0,0.753528,0.439069,0.000943,-0.004298,-0.003625,-0.244439
-0.388192,1.285401,1,0.051257,-0.913928,0,0.363131,-2.244867,-0.010364,0.005889,0.001855,-2.390092
-0.375052,0.617487,1,0.326817,0.72932,1,5.115424,-0.510699,-0.008306,0.002301,-0.000288,-0.137175
0.489421,1.302621,1,-0.104317,2.87265,1,5.683629,1.140863,0.017621,0.001235,0.013302,-0.88264
-0.703382,1.401066,1,-1.323224,3.247676,1,5.292003,2.043026,0.001655,-0.00754,0.003183,-0.683362
0.52613,-0.394947,1,-0.036598,1.792456,0,0.036108,0.290247,0.017462,0.019441,0.010956,0.131925
0.794651,2.050849,1,-1.219117,1.052398,1,6.041634,-0.926467,0.004986,-0.004797,0.006105,0.495264
-0.593062,0.600525,1,0.85051,0.178475,1,5.063015,-0.960129,0.007537,-0.000303,-0.013184,-1.546776
-1.176967,0.626106,0,-1.668228,-0.2985,1,4.836051,0.144908,0.009387,-0.00187,-0.005583,-0.717705
-0.763885,1.652805,1,1.225971,1.494667,1,5.404247,0.280963,-0.012231,0.019547,-0.000481,-1.234074
0.459189,1.648594,1,0.62688,3.626178,1,5.80769,1.857929,0.00307,-0.002908,0.008684,-0.091101
-0.158441,0.200597,1,0.630706,2.248673,1,5.025679,0.970805,-0.01237,-0.003823,0.019278,-0.920267
0.379155,1.704331,1,-1.966993,1.824113,1,5.748509,0.084106,-0.002849,0.001183,-0.004841,-0.658712
1.512017,0.340981,1,-0.131282,1.721248,1,5.632558,-0.335207,0.006402,-0.006935,0.000553,-0.95824
-0.019966,2.721002,1,1.35088,4.721028,1,6.068658,3.014712,-0.010253,0.001116,0.007999,-0.794083
-1.059857,0.073235,0,-0.321291,0.156147,0,-0.313395,0.626595,0.005593,0.023716,-0.000578,1.016688
0.806504,1.140906,1,-0.880745,1.183502,1,5.677403,-0.668752,-0.014984,0.002997,0.016441,1.702803
-0.199559,0.119411,1,-0.439353,1.022805,1,4.984266,-0.224623,0.011433,0.002632,-0.013478,-0.310871
0.621527,3.124125,1,0.129039,1.178511,1,6.416705,-0.877455,-0.006644,-0.007179,0.00678,-0.787933
0.815279,-0.336392,1,-0.654053,-0.762601,1,5.113709,-2.40455,-0.010271,0.017092,0.006682,-2.2836
-1.209928,1.425792,1,1.431134,1.290966,1,5.171283,0.312651,-0.014354,0.01939,0.01152,-1.448381
1.131085,0.166519,1,0.132649,3.640697,1,5.432448,1.782454,-0.005794,0.008527,0.000621,-0.814699
0.654202,0.547321,1,-0.358252,0.066465,0,0.408664,-1.630557,-0.019076,0.006538,0.008915,-1.403026
-0.854824,1.354967,1,-1.104027,1.184486,1,5.221366,0.055263,-0.005484,-0.002348,-0.002491,-1.297864
0.053529,2.126013,0,0.681764,-0.374221,0,0.856822,-0.706905,0.010995,0.003913,-0.008014,0.887426
0.006287,2.524826,0,0.658983,0.890592,1,5.996205,0.521503,-0.001887,-0.008352,-0.009472,-0.659172
-0.226988,-0.635519,0,-0.594892,-0.367545,0,-0.333795,-0.17233,-0.011775,-0.011261,-0.014414,-0.569751
0.620994,1.16918,0,-2.039012,-0.90859,0,0.661384,-1.360055,0.002263,-0.014874,-0.004414,-1.362154
1.186436,2.360923,1,0.608079,1.22057,0,1.310197,-0.981104,0.001379,0.004107,0.003115,0.489582
-0.243614,-0.783882,0,0.010514,-1.054582,0,-0.365706,-0.830301,0.019566,-0.013784,-0.002081,-0.900542
1.079961,1.215812,1,0.533388,3.33156,1,5.84571,1.344318,0.007907,-0.004996,0.00198,-1.208827
0.737283,0.899345,0,2.154492,1.758367,1,5.635661,1.293259,0.003056,-0.000612,0.012349,-2.268714
-0.018624,1.315971,0,0.170485,-0.128914,1,5.518837,-0.311348,0.009051,0.009953,-0.005175,-0.749065
-0.074739,0.129125,1,-0.316522,2.533296,1,5.018509,1.227803,-0.001344,-0.005782,0.023403,-1.240021
-1.403485,-0.53419,0,-0.950005,-0.887715,0,-0.669063,-0.173184,-0.000754,0.011133,0.007552,0.996617
-1.751688,-1.011677,1,-0.115105,0.052182,0,-0.951917,-0.326663,0.016589,0.009392,-0.001969,1.155936
-0.085897,1.877813,1,0.357894,1.6112,1,5.693782,0.057118,-0.016356,-0.010713,-0.002196,-1.923243
-1.106849,2.005478,1,0.250624,1.394014,1,5.432776,0.284825,0.009679,0.011228,-0.010081,-1.810116
-0.290556,1.204114,1,1.920782,0.80802,1,5.408821,-0.555445,-0.001108,-0.002836,-0.000257,-0.964283
-0.785583,0.367281,1,0.696403,1.039251,0,-0.117413,0.021866,-0.002915,-0.00499,-0.021616,-1.504001
-2.039417,-0.721617,1,0.062516,1.077641,0,-0.955375,0.787323,-0.005529,-0.002794,0.012558,-0.470546
0.106385,1.464774,0,-0.509244,0.390299,1,5.597515,0.12954,0.001537,-3.5e-05,-0.028166,-1.014586
-0.665452,-0.19935,1,0.46399,1.032503,1,4.71242,0.042783,-0.000435,-0.00415,0.000418,-0.407431
-0.170721,0.19013,0,-0.709691,0.444269,1,5.000614,0.49418,-0.004147,-0.008397,-0.01144,0.328131
-1.14404,0.314865,0,0.377148,0.193096,0,-0.259481,0.666706,-0.007027,-0.007513,-0.007012,-1.752185
-0.585737,0.703894,0,0.684731,-0.226381,1,5.075983,-0.062616,-0.019053,0.001389,-0.005722,0.307248
1.30946,0.142389,0,-0.019135,0.14084,1,5.477239,-0.474181,-0.007238,-0.001605,0.019256,-1.416615
-0.122369,0.934888,1,-0.432969,1.589956,1,5.310842,0.189203,-0.005123,0.005273,-0.011033,1.46052
0.298656,0.279611,0,-1.98798,-1.417844,0,0.208373,-1.593964,0.001512,0.000524,0.009143,0.933013
-1.521792,1.602802,0,1.341154,-0.668573,0,0.145083,-0.210322,0.019631,0.00077,0.011604,-0.801043
2.138116,1.932492,1,0.600617,0.099938,0,1.447795,-2.47156,-0.00616,0.005928,-0.023384,-1.651546
1.592494,1.009972,1,0.624934,0.514232,1,5.917147,-1.675792,-0.010237,0.014189,-0.006154,-1.842829
1.112515,1.364055,1,-1.364035,0.197336,0,0.889065,-1.826186,-0.007145,0.01459,0.014845,0.185666
0.577846,3.019285,1,1.577156,3.068284,1,6.396923,1.047352,0.001533,0.013404,-0.013148,-0.718366
-0.235777,-0.271174,1,-0.2679,1.188314,1,4.817896,0.013982,0.005886,0.008704,0.011983,0.238904
0.191154,-0.332039,1,-0.091478,0.09724,0,-0.059398,-1.262049,0.007283,0.020854,-0.000179,1.516266
0.7971,1.596427,1,-0.87197,2.405126,1,5.875211,0.491066,0.008277,0.004378,-0.000611,-1.458346
-0.87949,2.847972,1,-1.589629,2.323249,1,5.800992,0.988654,0.009692,0.003255,0.000695,-1.918101
-0.695419,0.64093,0,1.354663,0.285803,0,0.018889,0.508486,-0.002789,0.022439,0.003426,-0.495403
-1.920052,2.628263,1,1.483914,0.641701,0,0.414907,-0.18871,0.020531,-0.02726,-0.009556,0.456797
-1.022739,0.997863,1,0.031789,1.233694,1,5.050459,0.232487,-0.003548,-0.002139,-0.002604,-1.628423
1.410382,0.220542,1,-0.482068,2.894349,1,5.540412,0.901497,0.001093,0.012525,0.003706,-0.653338
-0.585167,-0.089263,1,-0.179727,0.572885,0,-0.21369,-0.469246,0.012958,0.009803,0.001769,0.682081
-0.568767,1.530843,0,-0.152298,-0.006243,0,0.415572,0.029867,0.005664,0.025657,0.003492,-2.320841
0.066847,-0.01353,1,-1.002543,1.091873,1,4.975403,-0.257193,-0.022408,0.001075,-0.007187,-0.452645
-1.863147,0.982706,1,-0.094938,-0.99587,1,4.770213,-1.613416,5.6e-05,-0.004308,0.006323,-1.228066
0.694462,2.484894,1,0.350419,2.912917,1,6.211005,0.916568,0.00862,-0.003321,0.001265,-0.563806
1.015487,0.594649,1,1.215474,3.925147,1,5.574042,2.057272,-0.013435,0.003181,-0.015807,0.021821
0.126376,2.215438,0,0.211561,-0.495074,0,0.91206,-0.873795,0.007507,0.016216,-0.005314,-0.467154
1.400431,-0.313114,1,-1.379035,2.873607,1,5.315197,0.96268,0.003902,0.016341,-0.008955,-1.698185
-1.577752,0.36752,1,0.550865,-0.184141,0,-0.362312,-0.841994,0.011839,-0.00056,-0.009084,-1.189209
1.592796,-0.505715,1,-0.058614,2.103092,1,5.317224,0.132788,-0.006919,0.00253,-0.004765,0.73863
-0.981661,0.974426,1,1.567727,2.524466,1,5.097161,1.508012,0.009959,-0.006116,0.006135,-0.35903
-1.53084,1.681507,1,1.626775,0.349306,1,5.185308,-0.520439,0.001596,-0.005072,-0.006268,0.152356
-0.488312,0.976616,1,1.661771,1.226017,1,5.269249,-0.014686,0.017661,0.010463,0.002251,-0.437668
1.621086,2.128479,1,-0.364271,0.563742,0,1.388639,-1.801503,0.02786,0.016022,0.000612,0.121153
-0.270362,0.15225,1,2.187172,0.555849,1,5.027141,-0.664204,0.015383,-0.006973,-0.007791,-1.084109
-1.183512,1.126772,1,0.54826,-0.959341,0,0.05572,-1.906272,0.004805,0.00243,-0.003448,-1.455475
-1.545862,0.37396,0,1.823697,-0.218248,0,-0.337976,0.429178,0.02321,-0.002431,0.008648,0.075735
-0.356039,1.263106,0,-0.305303,0.853249,0,0.381387,0.831638,0.006035,0.008639,0.001498,0.439411
-2.245882,1.405165,1,-0.10128,0.283467,1,4.800049,-0.221635,-0.009079,-0.003885,0.005488,-1.602244
-1.551113,1.483825,0,0.471344,-0.202932,1,5.077949,0.285887,-0.000393,-0.019265,0.012725,-1.263908
1.292148,-0.169165,1,0.349195,1.556927,1,5.371958,-0.32573,0.007617,0.010037,0.004349,-0.851189
1.072344,0.011683,1,1.452129,2.549666,1,5.391708,0.740545,0.00826,-0.003035,-0.019207,0.931862
-0.379332,0.197141,0,-0.034812,-0.014122,1,4.940517,0.129462,-0.011253,-0.001994,0.002706,-0.124828
-0.716585,0.662548,0,1.361932,-2.214817,0,0.012224,-1.985663,-0.010935,0.004356,-0.006181,-2.01205
-0.192411,0.988615,0,0.929552,0.996048,1,5.336117,0.939981,-0.003413,0.003528,0.018103,-0.780946
2.097077,1.609518,1,-0.016075,2.116479,1,6.319714,-0.389543,0.005345,0.004561,0.003993,-0.933842
0.154056,0.05333,1,0.851994,0.127969,1,5.093924,-1.270379,0.006626,-0.016297,-0.005974,-1.861233
0.658818,-0.69959,0,-0.275948,-0.241373,0,-0.055119,-0.438934,0.001413,0.005563,0.005665,-0.792755
-0.453378,3.057172,1,2.547523,-0.343717,0,1.034043,-1.90207,-0.008344,-0.019091,0.000908,-0.978
-0.190023,-0.230024,1,-2.467015,-0.04882,0,-0.134553,-1.249889,0.017369,0.007696,-0.01718,-1.049596
0.396243,1.737753,1,0.87026,1.89556,1,5.812568,0.14295,-0.010721,0.011184,0.008631,-1.095344
-0.124825,0.932696,1,-1.567279,1.626032,1,5.306018,0.226712,0.013023,-0.013685,-0.004055,0.783431
-2.148297,1.152735,1,-0.02834,0.819218,1,4.751539,0.306439,0.007388,0.003284,0.014206,-1.051666
1.029621,0.899878,1,0.111709,1.921775,1,5.703092,0.00321,0.012803,0.010572,-0.001244,-0.638292
-0.866054,0.516587,0,1.704951,-1.011036,0,-0.08716,-0.692865,-0.004444,-0.00449,0.014393,-0.746728
1.860398,1.365401,1,-0.494835,2.308723,0,1.140533,-0.054459,-0.001427,0.006736,0.004249,-1.19298
0.435929,0.462842,1,1.505329,1.148485,1,5.352089,-0.437207,0.00055,-0.027854,0.009741,-0.608458
-0.179948,2.067732,1,-0.9815,-0.08684,0,0.741802,-1.625782,-0.004764,0.010982,-0.004918,-0.622612
0.188407,1.46987,1,1.543987,0.847001,1,5.665687,-0.772415,0.002253,0.0003,0.00353,-0.608206
-0.359418,1.501023,1,-0.277028,2.264817,0,0.482725,0.889541,0.015791,-0.002578,-0.017262,-1.547196
-0.737353,0.394306,1,0.270752,2.631491,1,4.903964,1.588294,-0.012968,0.00984,-0.00127,-0.894088
-0.043322,0.665074,0,-0.139062,0.728083,1,5.235717,0.651275,-0.006572,0.017293,-0.014845,0.072359
0.63407,-0.286484,1,1.47968,3.110635,1,5.116439,1.543698,-0.007657,0.004857,-0.01143,-0.86778
-0.71545,0.548413,0,1.285057,-0.159806,0,-0.021878,0.085389,-0.000944,0.016087,-0.008908,-0.526181
-0.873157,-0.135147,1,0.640819,2.647132,1,4.67173,1.742376,-0.001355,-0.015533,0.006604,-0.520926
-0.606409,2.214498,1,-0.954551,3.421147,1,5.6537,2.054488,0.007723,0.006659,-0.001474,-0.270568
0.701091,0.951965,1,-0.517705,0.04353,1,5.59137,-1.733469,0.000337,-0.00132,0.000314,-0.129312
1.20163,1.071926,1,-0.83126,2.24309,1,5.79903,0.221493,0.003029,-0.007882,-0.001746,-0.862114
0.111094,0.676282,0,-2.050826,0.234953,0,0.303885,0.08643,0.003984,-0.019287,0.010807,-1.599298
0.330394,1.099008,1,1.458635,1.205965,1,5.566356,-0.424104,0.002454,0.006118,4e-05,-1.906678
-0.880621,3.366307,1,-0.130507,1.901183,1,6.027315,0.491916,0.007033,0.008753,0.002488,0.329723
0.625835,0.601289,0,-0.141177,0.412412,1,5.435588,0.041125,-0.001223,0.01342,-0.005703,0.082287
0.300817,0.251016,0,1.693419,-0.562497,0,0.212893,-0.735449,0.016464,0.011765,0.011494,-0.038598
-0.961048,1.431122,0,-0.278672,-0.255237,0,0.267848,-0.026605,0.025416,-0.007717,0.012244,0.123241
-2.038592,-1.62429,1,-0.643154,1.364351,1,3.69373,1.204595,0.007062,0.012907,-0.000369,-0.849519
-1.47149,0.965386,0,-0.027429,-0.345341,0,-0.104106,0.182538,0.00228,0.013963,-0.005843,-1.312839
-0.920123,0.529716,1,-0.935352,1.606834,1,4.893343,0.626955,0.006246,-0.0026,-0.01616,-1.66837
0.911017,-0.090884,1,0.541673,1.443963,0,0.252298,-0.277053,-0.01101,0.000284,-0.008686,-1.777313
1.30194,1.409187,1,-0.176345,2.568112,1,5.974391,0.452064,0.001801,-0.009342,-0.021671,0.524196
-0.690438,0.955417,1,-0.309954,-0.063332,1,5.132696,-1.209215,-0.007313,0.014809,-0.009106,-1.181108
-0.658835,-0.90098,1,-0.396586,0.391229,1,4.430608,-0.49972,0.0051,-0.015118,0.00357,0.366896
0.010703,0.254899,1,0.091096,1.259851,1,5.097264,-0.102669,-0.007264,0.00535,-0.000504,-0.874849
-0.238773,-1.986842,0,0.280798,-1.672915,0,-0.855796,-1.276336,-0.003448,-0.005968,0.023233,-1.364204
0.680014,1.194698,1,-0.322658,0.972426,1,5.663634,-0.830217,-0.01872,-0.011079,-0.003711,-1.782328
-0.774108,1.184728,1,-0.161449,1.454279,1,5.192969,0.313112,-0.011732,-0.018747,-0.004491,-1.276117
0.698223,0.108147,1,0.115794,1.783131,1,5.2768,0.129832,0.003549,-0.002154,0.010628,0.730276
-0.490145,1.441542,0,0.014899,0.792989,1,5.392488,0.806365,-0.008688,-0.012646,-0.019269,-1.772173
0.603055,-0.38107,1,0.228393,0.938628,1,5.064205,-0.600511,0.010638,0.000564,-0.014818,1.428784
-0.52196,-0.065088,1,-0.479354,1.131929,1,4.78495,0.057602,-0.009539,0.017693,0.006638,-1.52857
-0.864015,1.318619,0,1.20191,-0.872774,0,0.23495,-0.671867,0.004533,0.001995,-0.001954,0.061987
1.661398,0.212762,0,0.294145,1.491102,1,5.625559,0.706129,-0.007619,0.019973,-0.001725,-0.833214
0.814307,0.838772,1,-0.30653,3.002716,1,5.591879,1.190746,0.003855,-0.009823,-0.009372,-1.008523
-2.042965,0.33778,1,0.541701,0.925702,1,4.456552,0.483325,-0.015348,-0.012809,0.002398,-1.959384
-0.697694,0.490498,0,0.122948,0.815658,1,4.960103,1.061194,-0.004532,-0.01027,-0.00808,-0.786356
0.954003,0.534205,1,-1.536509,1.863699,1,5.483602,0.0325,-0.008462,-0.000651,0.000727,-1.846249
-1.44758,0.194672,1,0.53827,1.497459,1,4.620136,0.805594,0.008832,0.027229,-0.011585,-2.36954
0.519758,1.203879,0,-0.822189,0.485965,1,5.628621,0.075418,0.004623,-0.016621,-0.001824,-0.568364
0.416136,0.273501,1,1.131745,0.524316,1,5.251939,-1.024928,-0.012326,0.006197,0.020249,-1.323386
-0.950067,0.917116,1,-0.044433,1.269203,1,5.042913,0.246721,-0.002032,-0.007,-0.004249,0.996386
-0.259737,0.172697,1,0.977387,0.232546,0,-0.025608,-0.995297,-0.007723,-0.002238,-0.001318,0.312059
-2.340938,-0.63287,1,-0.432902,2.505459,1,3.987232,2.339129,0.009503,-0.01258,-0.002025,1.009469
1.519512,1.813864,1,0.267246,1.939416,1,6.222639,-0.334088,0.012715,0.008791,0.001745,-1.368846
-0.560013,1.400956,0,1.407561,0.594061,1,5.374204,0.645038,-0.014416,-0.000439,0.004682,-0.551825
0.552893,3.190111,1,-0.0717,2.021971,0,1.432395,-0.012413,0.008267,0.010875,0.002572,-3.308634
0.362921,-0.142544,1,-0.3935,0.231128,0,0.055233,-1.233613,-0.008233,0.001752,0.002793,-0.969765
1.106961,0.692469,1,0.852358,0.025061,0,0.630215,-1.898523,-0.002529,-0.019316,-0.001808,-0.589465
-0.684223,0.772922,1,0.832979,1.871246,1,5.092744,0.749014,0.000323,0.010965,0.001003,-0.533915
-0.047097,1.890798,0,-0.351432,1.802231,1,5.732759,1.549341,0.018166,-0.02013,-0.00214,-0.730331
0.308189,0.394321,1,-1.788144,0.782969,1,5.211043,-0.734804,-0.010038,-0.018699,-0.018124,-0.62137
0.621622,-0.269613,1,-0.412706,-0.092959,1,5.09938,-1.656693,0.008347,-0.009172,0.026306,-3.401206
0.903434,2.109238,1,0.874677,1.711548,1,6.122688,-0.325163,-0.011715,-0.009039,0.007282,-0.431741
-0.728302,0.584779,1,-0.577717,0.137817,1,4.965759,-0.937117,-0.012406,0.01396,-0.009793,-0.204523
-0.915147,1.780073,1,0.186379,0.513191,1,5.397216,-0.650316,0.000285,-0.001712,0.002301,0.650062
1.109191,1.663627,1,-0.460168,2.675841,1,6.003402,0.610374,0.000217,0.012474,-0.013461,-0.319225
-2.287996,0.871539,0,-1.73485,-0.962569,0,-0.438997,-0.050463,-0.028323,-0.005679,-0.004942,-0.8187
1.319112,0.727115,1,-0.478164,1.195398,1,5.718417,-0.829508,0.011596,0.003176,-0.01482,0.416979
-0.553244,0.509864,1,0.870449,1.732027,1,5.012196,0.588501,-0.021391,0.00474,-0.000512,-3.045297
-0.255483,0.886236,0,-2.172935,0.67946,0,0.260039,0.666872,-0.001459,0.006961,-0.015814,-1.202912
-0.933263,1.764529,0,0.449484,-0.504715,0,0.394711,-0.337057,0.013276,-0.004649,0.003884,-1.453773
-0.299115,0.104989,1,-0.988752,1.338063,1,4.94634,0.137917,0.022092,-0.003779,0.006822,-0.722485
1.020218,1.010275,1,0.805759,2.450812,1,5.739624,0.520502,-0.00363,-0.002981,-0.00827,-2.886656
0.519943,-0.217202,1,0.911636,1.951287,1,5.088664,0.426103,-0.014329,-0.016524,0.001609,0.631673
0.241766,-0.092677,1,0.025369,1.457596,1,5.056549,0.040614,0.012905,-0.000839,-0.0088,-0.937773
-0.162047,0.87049,0,0.027649,1.485301,1,5.295172,1.432586,0.008652,-0.003837,0.005117,-0.369166
-1.69653,-1.058729,1,-0.609046,0.979737,0,-0.973642,0.582681,-0.00489,0.005801,-0.006886,-0.464872
-1.095057,2.961988,1,-1.148266,0.802608,1,5.767171,-0.450679,-0.006157,0.000913,0.00789,0.574527
-0.594121,-0.291631,0,1.89541,-0.756644,1,4.720012,-0.444669,-0.007174,0.013364,-0.018116,-2.549913
0.206756,0.86134,0,-0.667754,-0.339298,1,5.387373,-0.558086,-0.003446,0.000701,-0.01005,-0.575642
-0.181267,2.069647,0,1.765113,0.850054,0,0.75004,0.632121,0.003161,-0.005622,-0.011088,0.458215
0.732584,0.038524,0,-0.662183,-0.284638,0,0.249558,-0.622748,-0.00566,0.000577,0.002034,-0.785949
0.222707,-1.401268,1,0.722507,0.793616,0,-0.477293,-0.424899,-0.004396,0.007242,0.005551,-1.639232
-0.196569,0.456483,1,-0.94049,2.355701,1,5.102131,1.058022,0.006413,-0.017732,0.002806,-1.291853
2.024841,0.026609,1,0.720712,2.435258,1,5.673014,0.191632,-0.014824,-0.007152,-0.00509,-1.080905
0.155307,-1.374945,1,-0.12827,2.390272,1,4.509089,1.198533,-0.003759,-0.006942,-0.027951,-1.409013
-0.682862,1.186319,1,-0.115199,1.980875,1,5.21935,0.79806,-0.016759,0.00411,0.000387,-0.840774
1.609047,1.108523,1,0.80734,1.035161,1,5.975718,-1.176672,0.001084,0.005273,0.00788,0.820284
0.949492,2.043755,1,-0.271824,1.945985,1,6.083059,-0.102133,-0.019394,0.001012,0.026805,-1.285328
1.565168,-0.219393,0,-1.230831,1.668558,1,5.413509,0.989949,0.0089,-0.024786,-0.004244,-1.175637
-0.361852,-0.697707,1,0.958623,-0.16694,0,-0.403616,-1.222176,-0.013146,-0.016519,-0.006653,-0.228182
0.725389,0.494706,0,-0.948584,0.820725,1,5.395035,0.419711,-0.017726,-0.002389,0.003203,-0.862783
-1.703769,0.813086,1,0.713834,0.626048,0,-0.245519,-0.039236,-0.003636,-0.005015,-0.002562,-2.017148
0.533086,1.822779,1,1.170314,0.072269,0,0.902045,-1.754789,0.017111,5.4e-05,0.012754,-0.749151
-0.408644,2.311997,1,-0.178177,1.590226,1,5.770506,0.119659,0.007112,-0.004694,-0.008082,-0.786854
-1.605978,2.115908,1,1.37967,0.061183,1,5.304448,-0.837468,-0.019223,0.015316,-0.002488,0.287715
0.78168,1.177973,1,0.679101,0.678711,1,5.714563,-1.167652,-0.013431,-0.022939,0.008762,-1.660115
-2.061051,1.700928,0,-0.498544,-0.679648,0,-0.017094,0.009141,-0.003956,0.003026,0.003084,0.294356
-2.163627,0.260936,1,1.598746,-1.554391,0,-0.585396,-1.930853,0.022384,0.00828,0.011612,-0.785794
0.111556,1.069824,1,-0.944355,0.852215,1,5.42624,-0.67429,-0.00939,0.007015,-0.004366,-1.795905
0.320428,-0.289861,1,-0.179383,3.975258,1,4.97946,2.551174,-0.009309,0.007873,0.012633,-1.996741
0.719604,0.964114,1,-0.008998,2.437388,1,5.626669,0.650222,0.015274,0.009311,-0.016638,1.246426
0.491043,0.990076,0,0.802541,-0.514925,0,0.548683,-0.881425,0.001949,-0.00604,-0.016238,-0.847879
1.225739,2.623558,0,1.31275,2.341089,1,6.459219,1.404166,0.01053,-0.011015,0.01279,0.248541
0.449323,0.672446,1,1.250109,0.630133,1,5.425525,-0.992044,-0.007271,-0.020347,7.3e-05,-2.396082
-0.383219,0.991472,1,0.421065,0.736865,1,5.267508,-0.553695,-0.001016,-0.003626,0.009208,1.949732
-0.324531,1.13839,1,-0.082952,0.189658,1,5.348693,-1.148851,0.013156,-0.007775,0.000995,0.205282
-0.533141,0.446609,0,-1.628667,0.078868,1,4.967134,0.25608,-0.001448,0.011616,-7e-05,-0.943403
0.044558,0.098936,1,-1.116829,2.723892,1,5.043402,1.36863,0.011231,-0.002876,-0.01328,-0.994129
-1.348266,2.20024,1,1.963972,0.028854,0,0.41898,-0.999006,0.003873,-0.010304,-0.000268,0.046635
0.090002,-0.079488,0,-1.638755,-2.031121,0,-0.011853,-2.060443,-0.010396,-0.011885,0.013616,-0.010781
-0.337334,-0.426489,1,-0.587174,2.196673,1,4.712039,1.090967,-0.000163,0.019888,0.000567,-0.505434
0.024715,1.581694,0,1.341923,1.79445,1,5.659344,1.553801,0.009814,-0.000221,0.006821,-0.677084
0.027803,2.059244,1,0.40703,-0.363072,1,5.825721,-1.99508,0.006694,-0.007815,0.006544,-0.126896
-2.703185,0.450019,1,1.125362,0.619038,1,4.309709,0.460054,-0.000403,0.00124,-0.010127,-2.429667
-1.152214,0.465376,1,0.740145,1.091705,1,4.798492,0.226505,-0.018917,0.018969,0.008571,-1.059238
-0.359549,1.183973,0,1.6669,-0.778935,1,5.356729,-0.787475,-0.01796,-0.003897,-0.003137,-2.334827
-0.306405,0.193576,0,0.492744,-1.505354,0,-0.040886,-1.394356,-0.015833,0.00687,-0.002597,-0.083371
0.008469,0.119716,1,0.860765,2.333647,1,5.060485,0.99175,-0.005104,0.011865,0.020977,-1.363777
0.051428,1.781022,1,-0.52693,1.781445,1,5.697062,0.179071,-0.003771,-0.018914,0.005973,-2.259541
1.265313,1.50856,1,0.78365,2.368264,1,6.002578,0.254426,-0.014754,-0.006384,-0.006385,-1.48175
0.061538,2.212588,0,-0.198809,-0.272892,1,5.888672,-0.621769,0.010225,0.010611,0.000645,-0.538607
-0.563944,-0.35116,1,-0.255789,0.211865,0,-0.33436,-0.801909,-0.012638,-0.006993,0.000366,-0.893191
-1.850043,0.398967,1,1.092041,-1.916153,0,-0.464888,-2.454974,-0.013706,0.004146,0.016861,-1.86112
-1.61951,1.182609,1,1.09894,0.529102,0,-0.06941,-0.228028,0.000882,-0.007585,0.000395,-2.392832
0.284572,-0.024192,0,1.885759,1.564485,0,0.093623,1.438826,0.009739,-0.004456,0.02208,-0.61403
0.809527,1.543116,0,1.82058,-0.298973,0,0.887171,-0.890254,0.020549,-0.005674,-0.012967,-1.268731
1.290451,2.126056,1,1.114632,0.692404,0,1.257248,-1.522415,0.005825,0.006367,-0.000324,-0.946044
-1.078813,0.318071,1,-1.523129,1.312814,1,4.757364,0.435665,0.015798,0.002016,-0.007629,-0.847648
-0.554784,0.940021,0,2.024998,0.504616,0,0.172193,0.62008,-0.012121,0.000989,-0.004948,-0.257897
-0.008586,2.357048,1,1.115285,1.072783,1,5.958021,-0.585906,0.021597,0.025075,-0.004731,0.158984
1.796479,2.700701,1,-0.568543,2.179095,0,1.622607,-0.348764,-0.018615,0.017397,-0.007113,-0.541454
-0.136059,1.64723,0,0.926226,0.441083,0,0.592095,0.263903,-0.005038,-0.019812,0.017302,-1.008426
1.300343,1.494858,1,-0.839949,1.972201,1,5.998582,-0.155549,0.005607,-0.004434,0.014226,-0.663199
-0.080947,0.047692,1,0.815947,2.290992,1,4.991316,1.000129,-0.016052,0.024265,0.004026,-1.0272
0.902325,1.260638,1,-1.118953,4.350357,1,5.756706,2.437243,-0.009271,-0.005746,-0.004744,-2.330516
0.77566,1.45825,0,-0.610901,-1.145565,1,5.800118,-1.709164,-0.010859,0.020877,-0.006832,0.403983
-0.084832,0.691059,1,0.907246,2.612178,1,5.255358,1.229755,-0.003102,-0.004263,0.007418,0.215476
-1.271303,0.306653,0,1.270204,-0.427306,1,4.740698,0.10526,0.014216,-0.00234,0.003002,1.300371
-0.520014,-0.379869,1,0.522754,2.417751,1,4.691487,1.388201,0.000168,0.008636,-0.001448,1.592536
1.238125,-0.836301,1,-0.088852,2.48572,1,5.073857,0.724355,-0.004631,-0.000902,0.005412,-1.863983
0.626905,-1.046455,1,-1.917549,1.514605,1,4.732998,0.061156,-0.028843,0.004946,0.008911,-1.023363
-0.68457,1.480872,0,-0.011704,0.664101,1,5.356916,0.760023,0.004668,0.015749,-0.00154,1.823577
-0.593229,1.049128,1,0.730802,0.809444,1,5.235846,-0.394156,0.0079,0.007588,-0.007873,-0.728514
-1.981793,0.417618,0,-0.119448,-1.613264,0,-0.504116,-0.774301,-0.017,0.001415,-0.013211,-0.443752
1.193419,0.569973,1,0.174739,2.755922,1,5.615983,0.810863,-0.00067,0.016735,0.002506,-2.209093
0.635144,1.1119,1,0.0117,0.925937,0,0.643375,-0.844328,0.00193,0.008767,0.021672,-0.537674
-0.387998,0.736866,1,-0.124389,1.893832,1,5.167164,0.642373,0.009646,-0.007335,-0.011107,1.243977
-0.050786,-0.439124,0,0.273194,-0.056001,1,4.810154,0.030748,-0.007248,0.019801,0.010995,0.598663
-2.421786,1.814429,1,-0.075378,-1.844818,0,-0.095955,-2.329442,-0.008754,0.006424,-0.006756,-1.297948
-0.737634,1.205555,1,1.640607,0.586361,1,5.254067,-0.574382,-0.004565,-0.002137,-0.00474,-1.084279
1.083526,1.167327,1,-2.009102,2.316665,1,5.785158,0.334838,0.012844,-0.020208,0.009149,-1.818863
0.730627,1.738992,0,-0.348526,0.17788,0,0.927502,-0.406001,0.010438,-0.013776,-0.002553,-1.539126
0.079781,0.087784,1,-0.672939,-1.177099,1,5.047503,-2.546732,-0.000213,0.017001,0.002483,-2.598175
-0.265638,2.11516,0,0.416428,1.506989,1,5.754968,1.32075,0.010198,0.017397,0.002291,-0.772783
0.545485,0.761386,1,0.274462,1.848101,1,5.45696,0.169375,-0.023687,0.000853,-0.006739,0.822148
-0.532305,1.790028,1,1.81951,1.782463,0,0.530756,0.443739,0.007917,-0.017702,0.008951,-0.332531
-1.915613,1.635878,1,2.148459,0.215201,0,-0.00198,-0.473276,-0.011188,-0.01087,-0.000616,0.678276
-0.257119,-0.137373,0,-0.575766,0.394856,1,4.869026,0.53149,0.01767,-0.016238,-0.013885,0.385286
0.152199,1.404329,0,0.197817,2.107607,1,5.590093,1.83482,-0.010642,-0.016601,-0.008925,-1.234771
0.871758,1.227704,1,0.393621,1.15939,1,5.763013,-0.735073,-0.008528,0.020268,-0.031167,-1.44747
-1.692116,0.931741,1,-0.600497,2.354798,1,4.802507,1.667013,0.005624,0.020599,0.00052,-1.409148
-0.373831,0.807057,1,0.825699,1.666635,1,5.213948,0.398564,0.00659,-0.011208,0.013041,-2.405025
-0.326224,0.815536,1,-0.04219,0.421477,0,0.206296,-0.869433,-0.004463,-8.7e-05,-0.010471,-0.655633
-1.352172,1.714118,1,-0.870318,3.167964,1,5.2118,2.212391,0.003714,-0.012848,0.005855,-3.592427
0.236753,1.47934,1,-0.082251,2.034374,1,5.657376,0.39164,0.004954,-0.000152,0.004306,-0.096547
0.496448,0.931908,1,-0.800358,2.357681,1,5.514739,0.676479,0.003931,0.016393,-0.007519,-0.616082
-0.541612,-0.590507,1,1.233964,0.719841,0,-0.411693,-0.269352,-0.004046,0.010787,0.015365,-0.216523
1.804173,1.395872,1,2.098876,1.545755,1,6.179881,-0.796327,0.005052,0.008087,-0.002727,0.369053
-0.57028,1.625043,0,0.442136,0.144681,1,5.468482,0.167813,0.014064,-0.001942,0.020103,-0.489168
-0.697603,3.201839,1,0.308594,3.049947,1,6.012211,1.581464,-0.012255,0.01262,-0.016357,0.943609
-0.726591,1.976862,1,0.349752,0.967978,0,0.523523,-0.30966,-0.008401,0.006467,-0.002691,-0.066017
-1.066419,-0.997747,0,1.379551,-0.655528,1,4.287807,-0.026751,0.000273,0.004039,-0.001503,-1.44509
-0.809945,0.979858,1,1.358016,2.551512,0,0.105606,1.456328,-0.010562,-0.001154,-0.000406,-0.925674
-1.685009,2.712804,1,0.081663,0.649034,1,5.487882,-0.300327,-0.018034,0.003184,0.007163,-2.949254
-0.442453,1.524978,1,0.449907,1.851337,1,5.468425,0.510276,0.010931,0.002883,0.033981,-1.590153
-0.193446,1.230081,1,0.849963,2.28866,0,0.393511,0.877351,-0.022288,-0.005414,0.004551,-1.068959
-2.533722,1.801658,1,-0.94037,0.235182,1,4.849428,-0.196781,-0.004024,-0.007749,0.000242,-0.141689
-0.35287,0.279051,1,1.409925,1.510834,0,0.000602,0.309838,0.007589,-0.009969,-0.010962,-1.438324
-0.208786,1.379519,0,1.932149,0.766439,1,5.507957,0.661103,0.002667,-0.009329,-0.018901,-1.934227
0.263669,0.650961,1,1.362349,1.133876,1,5.361787,-0.400915,-0.003872,-0.001881,0.011703,-2.575495
0.953715,0.881806,1,-1.048277,2.697255,1,5.625591,0.815765,-0.010974,-0.003527,-0.005468,-1.284381
0.600434,1.729884,1,-1.772683,1.297166,0,0.874264,-0.546986,0.003439,-0.006207,0.026042,1.262889
-0.871284,-0.025284,1,0.906036,0.246454,0,-0.305422,-0.675088,-0.009884,-0.006948,0.008682,-0.416856
-0.987332,2.189411,1,-0.562872,-0.336923,0,0.531895,-1.527041,0.002659,0.002919,0.003416,0.251616
0.328584,0.478617,0,0.48445,-0.284892,1,5.304716,-0.503462,0.001409,0.013776,0.003941,-1.588017
-0.7982,1.162092,1,1.732466,0.311446,1,5.225076,-0.815503,0.00151,-0.000109,0.00404,-2.261413
-1.478974,-0.499079,1,-0.459638,0.17611,0,-0.685785,-0.400874,-0.006403,-0.000763,-0.006946,-1.90904
2.123222,1.621266,1,-0.180238,3.131585,1,6.344784,0.611993,0.02035,-0.009349,-0.017515,-0.785094
-0.561644,2.347933,1,0.47404,-0.319342,1,5.743063,-1.725674,0.003582,-0.002231,-0.005507,-2.682092
-0.877444,0.386787,0,-1.100193,-2.316839,1,4.839524,-1.974671,-0.002787,0.011903,-0.000184,-1.694553
-2.44305,-0.208794,1,-0.560539,-0.567584,1,4.109708,-0.749079,0.002643,0.010375,-0.006478,-1.274324
0.600482,1.179412,1,0.222175,2.225556,1,5.652812,0.46123,-0.007745,0.00968,-0.012861,-2.008888
-1.238856,2.35624,1,-0.103138,1.389015,1,5.505957,0.288865,-0.003863,0.009359,-0.007482,-2.811646
-0.222299,-0.548428,0,0.805725,-0.945516,0,-0.262634,-0.765062,0.023919,0.004367,0.010357,-0.398309
0.717703,-0.204879,1,2.963297,2.786144,1,5.203511,1.169408,-0.007674,0.004012,0.007482,-0.642092
-1.223189,0.447239,1,0.296455,0.171943,1,4.777958,-0.65841,-0.000778,0.002448,0.001714,0.091067
-0.171438,0.081085,0,-0.644395,0.3964,1,4.958709,0.462454,-0.004561,-0.004169,0.005871,-1.798389
1.272867,0.084244,1,1.615557,1.547878,1,5.470142,-0.362786,-0.010396,0.000837,-0.011319,0.07196
-2.707667,-1.192692,1,-1.391501,-0.95011,1,3.62558,-0.868776,0.004211,0.002156,-0.007954,0.841341
-1.061426,1.490486,1,-1.191591,0.450038,1,5.210623,-0.605067,0.000365,0.006332,0.00311,-0.425748
-1.155462,1.24015,1,-0.397786,1.71011,1,5.10592,0.734,0.00911,0.001003,-0.010045,-1.297899
-0.437825,-0.79742,1,-0.08557,1.367313,1,4.552271,0.361025,0.008106,0.021052,0.001084,-0.542882
-0.298711,2.358625,1,-0.421756,2.495332,1,5.822037,0.968103,0.009007,-0.012098,-0.012625,-1.34575
-1.312183,2.582521,1,0.165805,1.460676,0,0.56669,0.360986,-0.009182,0.007545,-0.016496,-1.512247
-0.905293,0.150523,1,0.472059,-0.679563,0,-0.231787,-1.611169,0.00641,-0.000412,0.007361,-0.004703
-1.024145,2.067978,1,1.266277,3.270209,1,5.500299,2.114415,0.006653,2.1e-05,0.01027,-0.827013
-0.601709,0.328431,1,0.288505,1.470379,0,-0.079553,0.375169,-0.010211,-0.008126,-0.006308,0.517133
-0.032697,1.082546,0,-0.364629,0.656858,1,5.400992,0.514672,-0.003186,0.010193,-0.015205,-1.130386
0.659644,0.065667,1,1.211962,1.252788,1,5.250085,-0.376838,-0.014561,0.006528,-0.022084,-1.029138
0.804411,3.115681,1,-0.620398,3.250931,1,6.472642,1.113178,0.006696,0.008336,0.01842,-1.254474
0.402714,0.605412,1,-1.435286,0.49819,0,0.37456,-1.093108,0.00665,0.001692,0.001114,-1.808146
-1.124894,1.027878,0,1.403273,0.248335,0,0.045911,0.609829,0.014304,-0.003249,-0.00608,0.126462
-0.254216,0.213492,1,1.33917,-0.843368,1,5.022691,-2.079633,-0.002288,-0.000666,-0.003639,1.497749
2.123409,2.762745,1,-0.594981,3.362462,1,6.765928,0.677209,0.004515,0.004335,-0.019133,-1.07019
0.763613,2.788044,1,-0.201782,0.992159,1,6.342666,-1.07955,0.009877,-0.020056,0.006199,-1.368459
-0.691425,2.532358,1,-0.719611,1.651171,1,5.738812,0.276995,-0.007539,0.008729,0.020001,-1.433286
1.331118,1.857869,1,0.523941,3.551716,1,6.161058,1.35734,-0.00906,0.024262,-0.007828,-1.367696
-0.638989,0.276639,1,1.929366,1.893494,1,4.927276,0.822717,-0.007229,0.004803,0.023835,0.961821
-0.919322,1.729279,1,0.900199,2.378625,1,5.385692,1.224382,-0.003493,-0.002809,-0.001164,-1.406444
1.144812,0.894386,0,1.233042,1.770215,1,5.738281,1.120848,-0.008706,-0.001612,0.016668,-1.27323
-1.560569,2.213838,1,1.017045,0.409185,1,5.363101,-0.524283,-0.006798,0.007075,0.003072,-1.928317
-2.164698,2.017331,1,0.197198,1.229079,1,5.088659,0.59833,0.008809,-0.002583,0.003061,-0.394314
0.690365,0.252163,1,1.280657,-0.054295,1,5.347704,-1.724917,-0.000963,0.008687,0.018439,-0.755193
-0.223229,1.849255,1,0.942348,0.800668,1,5.66803,-0.686936,0.003067,-0.001741,0.007827,-1.825142
-0.123555,1.583463,1,1.636763,2.886948,1,5.601635,1.392655,-0.005507,0.017142,0.003748,-1.580793
-0.612343,-1.872134,1,-0.262232,0.386146,1,4.05876,-0.385037,-0.006164,0.016866,-0.019413,0.84497
-0.489413,1.702366,1,-1.540795,-0.522526,1,5.476658,-1.868002,0.002856,-0.003302,-0.015072,-0.655255
-0.70903,0.469633,0,1.242568,1.759991,0,-0.04826,2.013699,0.001261,-0.00081,0.004586,-0.586278
-0.876913,0.015387,0,0.547087,0.16645,0,-0.273759,0.56225,0.00778,-0.000224,0.014678,-0.582309
-0.63283,0.058168,1,-0.098729,1.80636,1,4.826322,0.764478,0.013016,-9e-05,0.001285,0.706662
-0.664371,0.766186,1,-0.042836,0.149796,0,0.073742,-0.98047,-0.006914,-0.009474,-0.005913,-1.733177
-1.079504,1.381489,0,2.752003,-0.005542,1,5.24457,0.284057,0.008612,-0.010873,-0.018392,-1.084359
-0.796089,-0.464033,0,-0.444878,-0.171081,0,-0.452613,0.257575,-0.010798,0.012498,-0.007836,-0.856928
-2.75368,1.091277,0,-0.655986,-1.913091,0,-0.457023,-0.821485,0.020738,0.010898,0.00131,-2.409139
0.433722,1.478187,1,0.282601,1.562152,1,5.715549,-0.16982,-0.007863,0.010725,-0.008565,-1.604105
0.139333,2.763235,1,1.377808,0.284281,1,6.15501,-1.500468,0.006906,-0.000694,-0.009644,0.358712
-0.335829,-0.175261,1,2.475719,0.796122,1,4.857245,-0.34671,-0.010872,0.01892,-0.000511,0.07225
-0.013596,0.551817,1,0.854682,2.368405,1,5.225062,0.973846,-0.001521,-0.000225,0.014484,0.249104
0.022657,1.163092,1,-1.073092,0.752834,0,0.476017,-0.746848,0.015457,0.008629,0.006847,-1.277053
-0.974922,2.048838,1,2.168181,3.082658,1,5.511098,1.907298,-0.008177,-0.013886,0.002859,-1.153658
-0.7835,0.597205,1,0.177848,-0.38441,0,-0.002197,-1.436092,0.022042,-0.002297,0.001885,-2.476028
0.277397,2.10007,1,-0.640392,1.491046,1,5.89704,-0.260175,-5.3e-05,-0.001558,0.005512,0.243972
-0.043417,-1.035933,1,-0.882075,0.494284,1,4.575358,-0.65643,0.009757,-0.000655,-0.001101,0.408689
1.7924,-0.351919,0,1.033646,0.582346,1,5.474061,-0.180181,0.004029,-0.013255,-0.004111,0.395958
1.368692,1.250073,1,0.436146,3.494742,1,5.948567,1.371475,0.00457,0.007039,0.007382,0.916128
0.682092,-0.509395,0,0.542392,-0.748742,1,5.021127,-0.984455,-0.014261,0.010286,-0.002254,-0.265854
-1.012655,-0.273042,1,1.48382,0.370165,0,-0.443146,-0.451271,-0.004729,-0.007439,-0.011886,0.868919
-0.815477,0.373652,1,-0.604838,1.659246,1,4.878778,0.654506,0.01196,-0.011473,0.014433,-0.888438
-1.252967,1.672868,0,1.563472,-0.232909,0,0.237452,0.093159,-0.003443,-0.007689,-0.018699,-2.454973
0.028837,-0.994536,1,-0.32184,1.36469,1,4.617335,0.175175,0.001388,0.004955,0.015183,0.172762
-2.991875,1.071727,1,2.361324,-0.847149,1,4.465411,-0.965276,-0.015474,-0.005966,0.005065,-2.491852
-0.709539,1.934393,1,0.796056,1.207634,1,5.53055,-0.071583,-0.005376,-0.001341,-0.009692,-0.517761
-0.557636,0.706484,1,-0.722922,2.301631,1,5.090043,1.131578,0.01123,-0.010735,0.000243,0.267361
-1.775211,0.532599,0,-1.828101,-2.338037,0,-0.38741,-1.609521,-0.012826,0.019793,-0.004289,-0.363704
0.546816,1.3032,0,1.006242,-0.260074,0,0.694183,-0.697309,0.007171,0.000732,0.008077,1.59028
-1.390062,0.709318,1,-0.176863,-1.022917,1,4.819007,-1.815542,0.001778,0.011497,0.007879,-2.653892
0.016823,2.291929,1,0.041751,2.197752,1,5.896856,0.536976,-0.00236,0.004932,0.004614,-0.770824
2.532857,-0.209984,1,0.963513,3.665368,1,5.764002,1.225471,-0.002799,-0.000419,0.007464,-0.670508
-1.861926,0.849785,1,1.207731,0.41541,0,-0.284354,-0.18341,-0.00491,-0.000937,-0.001148,-2.032066
-0.399471,1.107115,1,1.421027,0.294438,1,5.323017,-1.00552,-0.00402,-0.007252,0.017617,-1.841696
-0.65838,0.522975,1,-0.977524,0.12146,0,-0.002835,-0.976246,0.009297,-0.004505,0.012236,-1.533092
-0.852889,-1.969854,1,1.623212,0.350767,0,-1.051414,-0.297057,-0.00432,-0.010078,-0.00477,-1.78761
0.509331,0.740524,1,-0.381728,1.358417,0,0.473584,-0.300872,0.018076,-0.011169,0.008109,-0.795958
0.855409,1.801606,1,-2.058933,2.882121,1,5.946684,0.911832,0.002995,0.020864,0.007236,-1.290928
0.520718,1.679538,1,-0.981123,1.13179,1,5.800877,-0.668876,-0.005763,0.002789,-0.002598,-0.370055
-0.974259,1.256207,1,0.415342,1.495765,1,5.187492,0.435078,0.009734,0.014657,-0.003383,-0.038533
2.182928,-0.196433,1,-0.781497,1.977559,1,5.630794,-0.30547,0.006239,-0.007941,0.012145,-0.106184
-2.021163,1.296738,0,0.109273,-1.47407,0,-0.174069,-0.744757,-0.016542,-0.012516,-0.000147,-1.098089
-1.283549,0.327991,0,0.535569,-0.865405,1,4.706633,-0.330376,-0.010345,-0.009778,0.002602,-0.403487
-0.081191,1.254912,1,0.015932,1.802403,0,0.461126,0.336538,-0.001154,-0.004221,0.014011,0.347166
-0.161526,1.022934,1,-0.297037,2.310684,1,5.324146,0.914933,-0.015836,0.000365,0.025333,-0.242398
0.237124,-0.074946,1,-1.053379,1.165474,1,5.049667,-0.251973,0.020905,-0.001509,-0.005266,1.171015
1.329214,0.008973,1,0.219261,0.721383,0,0.447558,-1.203938,0.008222,-0.007732,-0.002209,0.294216
-0.370771,1.256451,1,-1.86764,2.334361,1,5.332706,0.999715,-0.000133,0.000877,0.00074,1.030444
-0.137191,0.680316,1,-0.488681,0.458929,0,0.216634,-0.898169,-0.003427,0.001754,0.000967,-3.180306
-0.845436,0.061148,1,-0.730467,1.206635,1,4.726889,0.260823,-0.005997,0.007023,0.003764,-0.591287
0.337409,-0.021401,0,-0.04206,0.125213,0,0.082656,-0.024833,-0.01964,0.014704,-0.004902,-1.011896
-0.569399,0.597598,1,-0.016013,0.99035,1,5.028487,-0.15857,-0.017329,-0.003639,-0.012662,-0.812943
-0.569977,2.469534,1,1.157274,0.933213,0,0.794228,-0.486976,0.019011,0.012155,0.017538,-1.492922
0.292563,0.375351,1,1.780794,2.128077,1,5.291356,0.620149,0.015736,0.000659,0.006121,-0.291764
0.784001,0.887409,0,-0.920462,-3.097481,0,0.597037,-3.582063,-0.005758,-0.015273,-0.004185,-2.496319
-2.459027,1.003073,0,2.19015,0.165813,1,4.634719,1.136471,0.00908,0.017833,0.004371,-0.284526
0.109858,-0.229597,0,-0.581979,-0.895947,0,-0.048363,-0.912508,0.005064,0.022725,0.01833,-1.459674
-0.521123,-0.861403,0,0.369844,0.046468,0,-0.500225,0.407957,0.006243,0.006191,-0.00788,-1.188349
0.696697,-0.125212,0,0.70818,0.653095,0,0.165409,0.355026,-0.014252,0.000898,0.002111,-0.249461
-0.501043,1.148506,1,2.6419,2.534836,1,5.314714,1.274977,-0.018082,-0.002714,-0.013899,-0.609185
1.050132,0.98876,1,-0.344965,2.138517,1,5.734888,0.197749,0.011826,-0.004639,-0.001183,0.365958
-0.927333,1.603836,1,-1.599421,0.303302,0,0.300981,-0.829109,-0.019793,0.012107,0.006166,-1.657467
-2.48125,0.998179,0,1.687696,-2.586209,0,-0.426185,-1.604755,-0.001482,-0.000173,-0.011147,-0.768669
0.800673,0.79188,0,-0.636057,0.129489,0,0.567367,-0.348803,-0.003677,0.016739,-0.001872,0.20081
-1.094465,0.297417,1,-0.164272,-1.091127,0,-0.247598,-1.958175,-0.004602,0.000349,0.007999,-0.326763
-1.831172,1.786036,1,-0.920433,0.1201,1,5.081246,-0.628486,0.003145,-0.004123,0.005892,-0.262369
-0.234867,-0.017751,1,-0.161387,0.918875,1,4.906265,-0.292631,-0.006776,-0.006013,-0.011576,0.42008
-0.490099,-0.208971,0,-0.643075,-0.942685,0,-0.238156,-0.689916,0.003957,-0.007437,0.003738,-1.094205
0.572185,1.468485,1,0.873759,1.835186,1,5.777552,0.041774,0.001412,0.005141,0.005587,-1.304794
0.641491,-0.431728,1,0.278109,1.313133,1,5.068355,-0.236104,0.020987,-0.012945,0.00108,-0.112059
-0.1553,3.31622,1,-0.483738,1.403541,1,6.218105,-0.327687,-0.013854,-0.008183,0.010893,-0.837394
-1.135736,0.981422,1,1.193189,-1.476617,0,0.010246,-2.424151,0.000293,0.013245,-0.005894,0.434241
0.036021,1.249335,0,0.452314,-1.097134,0,0.502854,-1.294705,0.004313,-0.009545,0.004125,-0.31819
-0.085726,0.093009,1,-1.648731,1.937924,1,4.974586,0.642657,-0.002564,0.008627,-0.011652,-1.311314
0.318017,0.586164,0,1.11702,1.03363,1,5.340256,0.804256,-0.013371,-0.02063,-0.016006,-0.349579
-1.125727,0.474672,1,0.382185,-0.960206,1,4.835562,-1.838777,0.012571,0.014501,0.007811,-1.590663
-0.651293,0.359594,1,1.588049,0.262506,1,4.959746,-0.814718,0.003369,-0.012702,0.000206,0.258965
0.258458,1.534391,1,0.321234,2.732537,1,5.675898,1.071965,-0.012669,-0.008764,-0.004634,-2.085115
0.996407,0.451853,1,-0.594392,1.120462,0,0.507139,-0.718039,0.004387,0.006803,-0.010652,0.534102
0.715002,1.91893,1,-0.006978,1.812086,0,0.999058,-0.111491,0.017016,0.002704,0.008271,-0.367086
-0.168865,3.564611,1,1.001236,3.202905,1,6.351819,1.441805,-0.000363,0.00895,-0.01508,-0.852524
-0.738315,0.605888,1,-0.57342,0.711873,0,-0.006062,-0.361577,-2.2e-05,-0.012783,0.009929,0.075371
0.152901,1.053745,0,-0.24298,-0.282468,0,0.476344,-0.504719,0.01568,-0.002868,0.00451,-0.176636
-1.34231,1.280911,1,-0.024372,0.740174,1,5.048735,-0.157037,-0.009704,-0.006171,-0.014578,0.642419
-1.067921,2.712934,0,-0.952055,1.762201,1,5.706159,1.853411,0.017276,-0.011102,0.00126,0.633099
1.258851,0.818781,1,-0.559006,2.457051,1,5.730985,0.446202,0.009729,0.005959,0.026537,-0.335673
0.151114,0.072412,1,0.369867,1.418863,1,5.075467,0.019082,-0.009242,0.009431,0.011894,-1.559734
-0.598447,-0.364912,1,1.399795,0.471759,1,4.681224,-0.52436,-0.006683,-0.003369,-0.00828,-1.229472
0.578219,0.843445,1,0.514464,2.244304,1,5.52261,0.538817,-0.005248,0.015227,0.007167,-0.75961
1.036055,0.453049,1,0.151456,2.516371,1,5.500729,0.6597,-0.018336,-0.007857,-0.014159,0.393759
-0.695558,2.911438,1,-0.633954,0.354109,1,5.896896,-1.073179,0.002605,0.014985,-0.013713,-1.144349
-0.678328,2.671291,1,1.292477,2.086902,1,5.833786,0.686628,-0.008789,0.005622,-0.000673,-1.060904
-0.803566,-0.132944,0,0.630822,-0.535176,1,4.69954,-0.151152,0.002966,-0.012236,0.005517,1.160388
0.71293,0.190669,1,-0.509413,1.696743,0,0.295138,0.024799,-0.012909,0.019815,0.008113,-0.792262
0.722637,0.975199,0,1.095965,-0.414826,0,0.626107,-0.884289,0.00923,-0.004445,0.008252,-1.322695
1.134983,2.298655,1,0.756894,1.769305,1,6.289285,-0.399982,0.007376,0.012051,0.004948,0.088683
0.757683,0.958442,1,-0.616213,0.773484,1,5.603203,-1.030142,-0.007059,0.001456,-0.01614,-0.744097
-1.883138,0.254188,1,0.095939,-0.57542,0,-0.514842,-1.078218,0.003596,0.003744,-0.000609,-2.077562
0.030044,0.842547,1,-0.295456,1.833629,1,5.333378,0.37709,0.000829,0.009012,0.009687,0.352951
-1.309305,0.272944,1,2.830855,0.410866,0,-0.308153,-0.355117,0.014823,0.008459,0.004433,-1.435002
-0.763834,1.503906,1,0.729062,-0.107509,0,0.325128,-1.299638,-0.010325,-0.003421,0.001821,-0.644377
-0.080326,0.192395,1,0.384079,3.489187,0,0.047094,2.177053,-0.001523,0.005317,0.003292,-0.756102
0.584645,0.390993,1,0.66998,0.518119,0,0.337622,-1.124655,-0.006407,0.004566,0.003125,-0.457862
-1.141763,2.063363,0,1.57648,0.873153,0,0.42994,1.092103,0.000448,0.002136,-0.019649,-2.879037
-2.57564,0.133064,0,0.113937,-2.62625,0,-0.787361,-1.476464,0.005333,-0.002033,0.011549,-1.023062
-0.070389,-0.544699,1,-0.392592,1.666229,1,4.750816,0.456502,-0.006518,0.002116,-0.001105,0.436874
2.392652,0.996423,1,1.0416,2.300691,1,6.18866,-0.25056,-0.003641,0.019675,0.007076,0.577483
-0.453766,0.540956,1,0.022372,0.564133,0,0.071625,-0.629057,0.00966,-0.00295,-0.023056,-1.679253
-0.204005,1.412845,1,-0.872578,1.62977,0,0.497113,0.196742,0.013573,0.012066,0.01661,0.232635
1.531244,1.218901,1,-1.067369,2.254788,1,5.961838,0.06226,0.004935,-0.006196,-0.011564,-1.449393
0.339355,0.869511,1,1.726614,0.788382,1,5.481085,-0.812465,-0.00138,-0.008813,0.025413,-1.062495
-0.034059,0.840386,1,0.328962,0.56939,1,5.320089,-0.857739,-0.002331,0.032764,0.021192,-1.009947
0.191197,0.165571,1,-0.39225,-0.142426,0,0.132678,-1.573914,0.005481,0.0054,-0.013249,-0.579159
-0.000676,0.984776,1,-0.037018,1.76879,1,5.38502,0.305564,0.002278,0.005675,0.00817,0.313403
-1.390674,1.782714,0,1.004762,-1.626445,0,0.222047,-1.253805,-0.01649,0.005952,-0.010172,-0.423378
-1.592365,-0.072018,0,-0.096089,-0.729249,1,4.453736,0.003975,0.005724,0.014073,-0.006394,-0.814095
1.635908,0.896032,1,-1.252103,2.78568,1,5.853358,0.592478,-0.008606,0.004078,-0.006168,0.279348
-0.067037,1.939818,0,0.523158,0.459005,1,5.729414,0.208055,-0.014169,0.008162,0.004479,-1.490624
-0.150825,1.406853,0,1.405665,-0.587521,1,5.508369,-0.723131,-0.016683,-0.010586,0.003246,-0.76518
-0.341148,2.210902,1,1.338781,2.395352,1,5.77248,0.908812,-0.002161,0.009839,-0.012016,0.307818
0.530153,0.333287,1,-0.362013,1.201698,1,5.286712,-0.407971,-0.010165,-0.002368,0.0044,-0.158657
2.287771,-0.929339,1,1.46649,0.890146,1,5.392371,-1.334161,-0.023264,0.006717,-0.002041,-1.154267
0.273033,1.102081,0,0.410267,6.4e-05,1,5.52301,-0.283728,-0.003585,-0.017151,-0.018206,-2.20092
-0.839007,1.264,0,1.438464,0.389319,0,0.212433,0.586797,-0.004906,0.006302,-0.00434,-0.377105
-0.384321,2.269851,1,0.771004,0.80108,1,5.771284,-0.674414,-0.001499,-0.022419,0.016604,-2.266638
0.820076,2.089575,1,-1.32428,2.874205,1,6.051807,0.878182,-0.006289,-0.002759,-0.004003,-0.900464
-0.833721,1.438173,1,1.944056,0.380546,1,5.341746,-0.770326,0.018293,-0.017056,-0.018355,0.490985
0.601326,1.666819,1,0.249101,1.201196,1,5.856402,-0.634213,0.005173,0.00633,0.008145,-0.091204
-2.571657,0.709608,1,0.774111,-0.789741,0,-0.571768,-1.046079,-0.004996,0.000693,-0.009275,-2.711617
-0.4808,-0.317686,0,-1.146728,0.419392,1,4.696401,0.68371,-0.000636,-0.007708,0.002144,-0.487511
0.37722,1.01915,1,0.702644,1.586497,0,0.534886,-0.053243,0.014146,0.014344,-0.00172,-1.007133
1.019206,1.884002,0,1.300245,-0.24386,0,1.077747,-0.979762,0.009566,-0.008967,0.017617,-1.96168
-1.069394,1.55779,0,2.132637,-0.655647,0,0.242292,-0.39621,-0.013962,-0.030312,-0.001713,-0.352942
-1.753685,1.735236,0,1.597717,-3.615449,0,0.091269,-3.071151,-0.009743,0.005136,-0.011446,-1.179701
-0.511655,0.473673,1,0.751542,1.935126,1,5.023072,0.777972,-0.007818,-0.017666,-0.004688,-1.173497
-1.376339,0.635882,1,-1.34706,0.617455,1,4.766736,-0.170747,-0.004397,-0.00865,-0.012288,-0.563918
-0.399957,1.384854,1,0.32959,-1.066214,1,5.408622,-2.406238,-0.005954,-0.005173,-0.002093,-1.313848
-0.257573,0.354922,1,-0.395193,-0.201425,0,0.054158,-1.456681,0.00034,-0.01424,0.017698,-0.592227
-1.570065,0.385712,1,0.432295,0.242386,1,4.650936,-0.421594,0.007357,-0.004937,0.012485,-1.281288
0.553519,1.199411,1,-1.019009,0.431739,0,0.657801,-1.314171,0.009027,-0.014053,0.020412,-1.226424
-0.408134,1.662334,1,-0.01285,2.169912,0,0.510538,0.793349,-0.003268,0.001624,0.004793,0.304967
0.82954,0.7019,1,-0.319866,2.217603,1,5.523098,0.418573,-0.016347,-0.012287,0.001431,0.406709
-2.095825,-0.26176,1,-0.350849,0.690954,1,4.193818,0.359536,-0.010404,0.000301,-0.009983,-2.396617
-1.268112,0.165625,1,-0.340919,-1.835234,1,4.637118,-2.604347,-0.005198,0.01162,0.002697,0.05911
0.265749,1.105101,1,0.061462,1.076152,0,0.505224,-0.525458,-0.01245,0.007824,-0.001304,0.710628
-1.050031,1.09295,0,0.483512,-1.015691,0,0.092914,-0.697616,0.011409,-0.000817,0.007786,0.869414
-0.415456,1.142667,1,-2.301177,0.343805,0,0.297152,-0.954054,-0.011795,-0.009887,-0.011223,-0.167583
-0.250221,1.422724,1,-2.179116,0.998308,1,5.437464,-0.415175,0.006171,0.001592,0.000527,-1.745361
-0.092664,0.90724,1,-0.141374,0.283987,1,5.303594,-1.126238,-0.016819,-0.006957,-0.015735,-0.057982
-0.928486,1.166485,1,-0.000452,1.283669,1,5.156571,0.215221,0.006572,0.002011,0.003376,-1.557215
-0.101633,0.856402,1,0.386428,2.165331,1,5.306189,0.766551,-0.001393,-0.017153,0.006758,-1.030928
-1.033464,2.050162,0,-0.530355,0.508677,0,0.474985,0.680384,0.015125,0.008073,-0.016215,-0.304881
0.42336,2.333771,1,0.206782,1.713463,1,6.040603,-0.137911,-0.011316,0.000332,-0.013398,-1.492722
-0.365764,-0.287582,1,0.32384,3.112191,1,4.768472,1.99924,-0.005641,0.022085,-0.01296,-1.834363
-0.095883,0.646177,1,-0.537241,2.510871,1,5.206507,1.139975,-0.003704,0.013061,-0.001776,-0.22219
2.319007,0.934153,1,1.210773,2.407233,1,6.145547,-0.101558,-0.001525,0.005662,-0.013975,1.179261
-1.358024,0.634514,1,0.374303,0.314044,1,4.805487,-0.482272,-0.00346,-0.00124,0.013785,0.555271
1.137662,2.694352,1,0.744278,3.565928,1,6.433443,1.338027,-0.003267,-0.007296,0.004362,0.019223
-2.910271,1.125384,1,0.266163,1.170531,1,4.485752,1.007581,-0.003431,0.009424,0.00599,0.291222
-2.329297,0.096057,1,2.30099,-1.133079,1,4.296182,-1.410427,-0.020712,-0.002295,-0.01589,-0.050244
-1.49156,1.497871,1,0.793714,1.946758,1,5.119331,1.085821,0.009933,0.011684,0.012932,-0.238063
-1.428448,1.172404,1,-0.290676,0.688,0,0.016991,-0.154374,0.028611,0.004008,0.006496,0.210655
-0.047218,1.205622,1,1.018284,0.613223,1,5.476331,-0.860912,0.002983,0.00408,-0.006823,-2.056326
0.038922,2.709305,0,-1.440288,-1.568543,0,1.056926,-1.979206,-0.011358,0.005945,-0.015418,-0.488478
-0.505741,1.252214,1,0.316917,1.003853,1,5.317631,-0.268916,-0.010345,-0.009196,-0.000761,-0.768911
-0.400798,0.597767,1,0.516477,1.213245,1,5.117301,-0.012228,0.006132,-0.010221,-0.004664,-0.60906
0.276845,-1.053847,1,0.328338,2.88081,1,4.690229,1.587328,0.003855,-0.010567,-0.004249,-1.149335
0.582304,0.73603,1,-0.136462,2.648994,1,5.472277,0.957234,-0.002843,0.010475,-0.007054,-0.167475
-1.577459,2.207399,1,-0.814956,0.341981,1,5.334968,-0.582887,0.007534,-0.009457,0.007214,-1.505891
-0.612811,0.81026,1,-0.59203,1.549405,1,5.082972,0.389342,-0.020639,-0.008212,-0.026006,-1.221818
-0.32051,-1.338621,1,0.299392,1.807284,0,-0.619067,0.826249,0.007541,0.005375,0.014299,-1.341843
0.234396,0.403067,1,-0.916202,1.571504,1,5.219052,0.085957,0.002378,-0.00252,0.009981,0.175984
-1.023587,1.894118,1,1.967485,0.543674,0,0.392345,-0.587154,-0.009959,-0.003798,0.002107,-0.699687
-0.340141,1.447246,1,-2.443581,0.844053,1,5.392061,-0.532172,-0.014333,-0.004666,-0.001441,-1.148795
-0.220936,0.061548,0,-0.126121,0.294117,1,4.950379,0.385473,0.001213,-0.023256,0.010831,-1.061393
-0.95539,0.336144,1,0.307707,1.348773,1,4.837547,0.412981,0.014072,-0.009669,-0.000423,-0.684082
-0.979235,0.49072,1,0.704738,0.654437,1,4.881056,-0.292955,-0.002281,0.011816,-0.002784,0.934212
-0.152174,0.238715,1,-0.718608,-1.332911,0,0.034578,-2.619152,-0.008527,-0.005394,0.011387,-1.924483
-0.381265,-1.128245,1,1.331612,-0.306549,1,4.462363,-1.290523,0.001913,-0.019005,0.020934,-0.012453
0.249558,1.66502,1,-1.196514,2.295168,1,5.726234,0.619689,0.018209,-0.01008,-0.00971,-0.216101
-1.304179,2.158489,1,-0.368812,-1.089023,0,0.41761,-2.130838,0.004313,0.003599,0.004248,-1.570928
-0.601602,-0.61702,1,0.818065,2.142299,1,4.583117,1.184181,0.005394,0.0034,-0.010864,0.77891
-0.480136,2.145282,1,1.237506,2.450091,1,5.713828,1.036157,0.012228,-0.002943,0.005016,-0.148683
0.562944,0.798406,1,-1.206684,1.733117,1,5.477691,0.041096,0.004726,-0.006892,-0.007782,-1.195696
-1.191334,2.126561,1,2.842354,1.686335,1,5.483452,0.597931,-0.00781,-0.014022,0.012115,-2.547376
-0.016268,0.939379,0,-0.700175,0.657651,1,5.330039,0.528775,-0.017446,0.003682,-0.001001,-0.458816
0.001836,1.036974,1,-1.114865,1.355064,1,5.374435,-0.116873,-0.009217,0.008379,0.000465,-0.732709
1.395477,1.273864,1,0.700032,0.764987,0,0.942806,-1.373889,-0.011047,0.012889,0.016311,-1.718676
-1.258009,0.111363,1,-0.150976,1.733101,1,4.63465,0.967273,0.006593,-0.011106,-0.00733,-1.731577
-0.908153,2.096103,1,-0.298735,2.619753,1,5.521217,1.40723,0.007983,0.013655,0.006848,0.180547
-1.188276,-0.219952,0,0.792961,-1.779856,0,-0.473563,-1.208591,0.001756,-0.000566,-0.006335,-2.643658
-1.920699,0.499362,1,-1.329979,-0.889943,1,4.527089,-1.411255,-0.012687,0.000266,0.011963,-0.37368
1.513767,1.425694,1,-1.504817,2.077795,1,6.041384,-0.136797,0.017866,0.008936,0.017868,-0.8754
-1.492421,0.392234,1,-0.400106,0.073944,0,-0.340706,-0.626225,-0.004162,-0.00541,-0.002629,-0.190808
-1.067225,1.67896,1,1.275219,1.22476,1,5.334166,0.144949,0.006035,-0.021638,-0.021941,-0.982268
1.064847,2.277295,1,-0.356738,3.342348,1,6.23016,1.207994,0.000493,0.007049,-0.006881,-0.394688
-2.004027,1.913975,1,1.796474,-1.556986,0,0.090648,-2.24567,0.002087,0.003486,0.024326,-1.430738
0.505432,-1.034686,1,1.398332,2.98129,1,4.794577,1.581272,0.005682,-0.003603,-0.005921,-0.737168
-1.663944,1.027276,1,0.480263,0.307761,0,-0.152338,-0.406668,-0.00696,0.006225,0.01771,-0.198879
0.995775,1.930112,1,0.537041,2.564421,0,1.091516,0.511779,0.013054,0.008269,-0.006063,-0.537091
-2.420798,-0.41532,0,0.47932,-0.540323,0,-0.971363,0.618726,-0.015795,-0.01512,-0.00631,-0.307656
-2.004389,1.62504,0,0.357035,0.061263,1,4.972198,0.735341,-0.010386,0.000225,0.007792,-1.615884
-0.795842,1.56889,0,-0.168925,-0.071753,1,5.360025,0.061908,0.012924,-0.022776,0.006593,-1.278638
0.720903,-0.310661,1,-0.052871,1.898404,1,5.120255,0.295561,0.0059,-0.001237,0.008522,-1.261303
-0.281878,1.735662,1,-0.872643,1.733529,1,5.592781,0.289022,0.025404,-0.003727,4.9e-05,-0.964453
-0.586635,1.174127,0,-2.012726,-0.726246,0,0.265759,-0.630283,0.000684,0.004919,0.010344,0.67062
1.095124,1.551811,1,1.301388,0.284807,1,6.00511,-1.758055,0.017004,-0.010731,0.009615,-1.042142
1.90432,-0.064883,1,0.354575,0.956464,1,5.587222,-1.219186,-0.018575,-0.004215,0.01149,-1.831522
0.421337,1.051565,0,0.203528,0.239542,1,5.537523,-0.104238,-0.014135,-0.032161,-0.006236,-0.146317
-0.873775,-0.80345,0,0.595766,-1.299958,0,-0.590566,-0.786807,0.008955,0.005575,0.010336,0.65868
-0.669063,-1.375562,1,-0.63108,0.032971,1,4.215452,-0.784496,-0.017404,-0.000884,-0.005213,-1.949175
-1.539367,1.042257,1,-0.803745,2.5724,1,4.884232,1.799251,-0.001974,0.000872,-0.001571,1.284848
-0.150103,2.002027,1,-0.086368,2.401852,1,5.740803,0.858895,0.011672,-0.014934,-0.001776,-0.272786
-1.880513,1.154366,0,1.565415,-0.938199,0,-0.161865,-0.252076,0.005012,0.003981,-0.009981,0.345928
0.300944,0.837983,0,-0.971424,0.930187,0,0.425259,0.672035,0.000111,0.016527,-0.017355,0.779109
1.754654,0.713895,1,-2.429748,1.800413,0,0.848975,-0.420269,-0.004491,-0.001849,0.012237,0.284655
0.466672,-0.041136,1,-0.324084,1.637267,1,5.132925,0.110723,0.002022,0.006501,-0.007022,-0.798499
-0.720068,0.679568,0,1.340017,0.213363,0,0.034421,0.441629,0.005772,-0.008706,-0.002697,0.529735
0.276017,1.323113,1,-1.535227,1.220289,1,5.570524,-0.417606,-0.006609,-0.000769,-0.007307,-0.433363
1.369613,0.466207,1,-0.982967,1.324732,1,5.615966,-0.685251,0.003717,-0.015313,-0.002567,0.402522
1.319575,1.652016,0,0.460864,2.062521,1,6.095733,1.223932,0.010784,0.007881,-0.005059,0.511912
-1.254678,1.097404,1,2.767224,1.524482,1,5.065904,0.614113,-0.002225,0.001598,0.012791,-1.77886
0.259376,1.218408,1,-1.160895,-0.639457,1,5.538599,-2.254611,0.000681,-0.012193,-0.005905,0.106338
-0.409021,1.790092,1,-1.199617,0.726555,0,0.568126,-0.668136,0.004838,-0.008019,0.017146,-0.869855
0.555673,0.374674,1,0.536015,0.845984,0,0.333684,-0.781272,0.005513,0.000611,0.011393,-0.549772
0.132694,1.56081,0,1.401991,-0.334506,0,0.660371,-0.621138,0.008785,0.009239,-0.004744,-0.56087
-2.620641,0.514952,1,-0.426782,1.068271,1,4.323169,0.862402,-0.010144,0.014795,0.003198,-0.600993
-0.598933,1.240943,0,-1.424077,-0.072647,0,0.281785,0.019206,-0.005289,-0.001341,0.005193,0.835562
-0.052362,0.255658,1,0.631066,-0.055626,0,0.077514,-1.38963,-0.004919,-0.013646,0.008416,-2.054411
-1.685285,-0.009275,1,0.812158,0.171173,1,4.450013,-0.383215,-0.009039,0.002385,0.009405,-2.410306
0.330102,0.993294,1,1.975972,2.15634,1,5.514357,0.541738,-0.017984,0.017849,0.001866,-2.621253
-1.774935,-0.983771,1,0.854264,0.152695,0,-0.997802,-0.219645,-0.032545,-0.016227,-0.009544,0.381181
-1.049359,0.605162,1,1.025383,0.287486,0,-0.096357,-0.644676,0.011955,-0.009546,0.006409,-1.4614
1.090392,-0.704948,1,-0.064828,2.044582,1,5.066134,0.331219,-0.015539,0.00611,-0.002365,-0.555777
-1.134698,1.680663,1,2.638821,2.667625,1,5.347955,1.618192,0.015665,0.001536,-0.027892,-0.80268
0.323047,1.95154,1,-0.200825,2.211822,1,5.869848,0.461425,0.007394,-0.00545,0.003903,-1.574338
-2.004494,0.037478,1,-0.414605,1.717221,1,4.345495,1.300942,-0.004057,0.002201,-0.007341,0.163514
1.830395,1.329742,1,2.006832,1.766777,1,6.162098,-0.577614,0.006164,0.009775,-0.004584,-0.815426
-0.555474,1.800565,1,-1.27692,1.321373,1,5.499608,-0.008362,0.004251,-0.000983,6e-05,-0.925698
-0.155599,1.803898,1,-1.650091,1.483171,1,5.609743,-0.028552,-0.011018,-0.00186,-0.015536,-0.455092
-0.071883,1.11588,1,0.316874,1.568601,1,5.41697,0.118679,-0.00015,0.00589,0.00139,0.032809
0.356647,1.635734,1,0.19558,2.160359,0,0.744411,0.44052,-0.009798,-0.002705,-0.003167,-1.646939
-1.7701,0.252098,1,-0.030571,-0.365166,1,4.523779,-0.918969,0.006541,0.011425,-0.008772,0.184955
-0.256256,0.984551,1,1.191247,1.994517,1,5.314777,0.647333,-0.007152,0.020267,0.000462,0.761891
-0.909689,0.434326,0,-0.710889,-1.977795,0,-0.130038,-1.627886,-0.000966,-0.008929,-0.016902,-2.114085
-1.940477,0.167641,0,0.261484,-2.192226,1,4.432557,-1.335757,-0.001398,-0.0125,0.000756,-0.409664
0.736202,0.937492,1,-0.162789,3.926464,1,5.604791,2.135626,0.001216,0.003717,0.004706,-0.992885
-0.603093,1.248959,1,-0.693902,0.717988,1,5.292422,-0.510121,0.016626,-0.012855,0.003052,0.011268
-0.0084,2.064938,0,0.135477,1.025234,1,5.801863,0.729519,-0.00241,-0.013026,0.007889,-1.904622
-0.071075,1.166585,1,1.049913,3.155934,1,5.463091,1.69829,0.012179,-0.020492,0.011654,0.940975
-0.585772,1.54336,0,2.317885,-2.356469,0,0.414008,-2.314456,0.0048,-0.003823,-0.000813,-2.295858
1.724107,1.554712,0,0.776736,2.134339,1,6.199802,1.126246,0.014184,-0.00033,0.010954,-0.932244
-0.298185,3.588963,0,-2.313518,1.03419,1,6.253604,0.648944,-0.003384,-0.005174,-0.000851,-0.253667
-1.808872,-0.908603,1,0.159177,2.008237,1,4.062852,1.640397,0.006961,0.013903,-0.006995,-1.3743
-0.651301,0.213495,1,0.24712,-0.125495,0,-0.130974,-1.181523,-0.000593,0.013159,-0.003928,-1.531365
0.248818,2.375485,1,1.133526,3.229454,1,5.998456,1.451255,-0.029894,0.019288,0.00267,-0.465727
0.281675,0.549416,1,0.382127,0.78882,0,0.295508,-0.739414,-0.010898,0.000465,0.010852,-0.610203
-1.338701,1.787232,0,1.450406,0.706384,1,5.290413,1.054778,0.005824,0.011838,1.5e-05,-0.682025
0.678563,1.131439,1,0.588988,1.756787,0,0.668457,-0.036021,0.005163,0.003089,-0.006737,0.170726
-2.013787,3.006631,1,1.756115,1.613518,0,0.4981,0.770769,-0.01295,0.002084,0.014443,-1.082436
0.893215,-0.211625,0,-0.241429,0.423604,1,5.208099,0.048869,0.002204,-0.004674,-0.014348,-0.36837
-1.570268,2.12323,0,0.34166,-2.244166,0,0.317344,-1.839402,0.005033,-0.022631,-0.006672,-1.194566
-0.477165,2.65101,0,1.023959,-2.952591,0,0.876004,-3.120544,-0.000347,0.006373,0.008928,-1.537292
0.813649,-0.11299,0,-0.374877,0.562843,1,5.223015,0.209916,0.007288,0.011541,0.017665,-0.972722
-0.131314,1.684299,1,-0.592696,1.241662,0,0.619056,-0.263735,0.005926,-0.015256,0.004807,-1.186728
0.565779,-0.064069,1,-0.432035,1.966422,1,5.152086,0.398221,-0.000351,-9.7e-05,0.002499,-1.136767
0.367742,0.931591,0,-0.551899,0.049896,0,0.478411,-0.252153,-0.005108,0.009916,-0.002909,0.477364
1.035349,0.644841,1,0.719879,3.902248,1,5.614658,2.018077,0.010425,-0.003595,0.005481,-0.942066
0.81129,-1.501325,1,-1.637491,1.701697,1,4.65498,0.230537,0.004632,0.011931,0.001294,-1.35087
-0.704664,1.325663,1,-1.358653,0.746183,1,5.246071,-0.446948,-0.013814,-0.001403,-0.007545,-0.659884
0.382022,1.044768,1,2.060063,1.982998,0,0.534503,0.337363,0.002209,-0.005252,-0.00309,-0.583735
-1.777472,2.380508,1,-0.52778,0.430516,1,5.323178,-0.428675,-0.01151,0.012503,-0.008674,-1.874844
-0.308825,1.512573,1,0.397332,1.492846,0,0.478377,0.09293,-0.009646,-0.009338,0.000136,-0.986369
0.567565,3.192313,1,-1.291829,0.823883,0,1.423278,-1.21748,-0.006519,-0.007249,0.001618,-1.026647
-0.117072,1.008471,1,0.291441,1.405245,1,5.360429,-0.008585,0.000449,-0.008955,0.016344,-0.860107
0.19572,0.795899,1,-0.52169,1.047121,1,5.368194,-0.477852,0.003745,-0.011426,-0.005974,0.037565
-0.464192,0.717072,1,-1.365772,0.091267,1,5.09741,-1.122737,-0.004089,0.00153,-0.001808,-0.551291
0.878149,0.46184,1,1.534237,3.762008,1,5.493041,1.975736,-0.003652,-0.005129,0.012592,0.539974
-0.331336,-1.306322,0,1.379883,-1.423617,0,-0.622606,-1.083735,-0.005032,0.004886,0.018051,-0.699623
-0.71637,0.681234,1,0.089962,1.101305,1,5.042675,0.006964,0.010475,-0.017346,0.004747,1.088124
0.635597,-1.166426,1,1.196736,0.637183,1,4.747934,-0.802808,-0.028529,-0.011225,-0.002536,-1.148738
-1.65608,1.353462,1,2.10061,1.062354,1,5.020659,0.297039,-0.003087,0.000516,-0.00473,-1.457525
0.250113,-0.338631,1,0.951393,0.110709,1,4.983407,-1.274385,0.01545,0.014697,-0.018431,-0.14066
-1.293405,0.007096,1,0.676997,1.574994,0,-0.416161,0.840357,0.005172,0.003785,-0.009278,0.676119
1.027007,0.232019,0,0.396267,2.535972,0,0.439809,2.036156,0.012668,-0.005894,0.001016,-2.066766
-0.511947,0.696494,1,0.846814,0.349803,1,5.099051,-0.839539,-0.020342,-0.014895,-0.00181,-0.884954
-0.115935,0.908297,0,-0.166602,1.296098,1,5.300297,1.216969,-0.012422,-0.006478,0.006234,-1.298745
0.16165,1.985909,1,-0.079319,1.300245,1,5.830346,-0.381879,0.00514,-0.000425,-0.001952,-0.545112
-2.180605,0.323899,1,0.648208,1.88368,1,4.438868,1.505791,0.015506,-0.023577,-0.007261,-0.677945
-0.901505,1.381575,1,-0.276548,3.300394,1,5.226044,2.188499,-0.011412,-0.012134,0.003413,0.657418
0.792626,3.632296,0,-0.168483,0.652949,1,6.667963,-0.233705,-0.003878,-0.007376,0.025053,-0.796368
0.616845,1.27878,1,0.197504,0.2659,1,5.708186,-1.520266,0.004015,-0.002574,-0.003173,0.686821
0.032112,0.720939,1,1.347925,2.387922,1,5.302201,0.948084,-0.014525,-0.000543,0.001389,-1.003063
-1.600384,0.122277,1,-0.935347,0.836424,1,4.510527,0.224417,0.005217,-0.006109,0.008469,0.238519
0.334583,0.707097,1,0.956496,2.076914,1,5.3764,0.501791,-0.026757,0.005059,-0.005716,-0.4593
0.46248,0.015209,1,0.989113,1.192968,0,0.162491,-0.339845,0.004922,0.001247,0.012728,1.041922
-0.203903,1.17009,1,0.983129,0.513369,1,5.397519,-0.884493,-0.009951,-0.003701,-0.01579,-2.164978
0.972251,1.004973,1,-0.609429,3.068117,1,5.694397,1.160348,-0.004476,0.006438,-0.004077,-1.851821
-0.934352,-1.26079,1,-1.495365,1.03349,1,4.180864,0.31979,0.006519,0.005619,-0.003112,1.143659
-0.760778,0.882871,1,0.757017,-0.340125,0,0.098977,-1.443557,0.004473,-0.014538,0.001512,-1.421228
-2.735532,1.977575,0,0.384856,-0.267933,0,-0.126596,0.686875,-8e-05,-0.00032,-0.019715,-1.357766
0.668908,0.502317,0,1.201694,0.86265,1,5.447296,0.486169,0.00969,0.008903,0.013527,-1.563687
0.062942,0.248532,0,-0.50322,-0.260679,0,0.100462,-0.325299,-0.017002,0.010575,0.004142,0.460483
-1.93274,-0.476272,1,0.957435,1.99414,1,4.200749,1.619813,0.002044,0.003709,0.011228,-1.941421
-2.009519,-0.956563,1,1.251729,-0.348364,0,-1.039477,-0.618173,-0.007902,-0.002333,0.01613,-0.665513
-1.123551,1.732778,1,0.102007,0.893065,1,5.317767,-0.168986,0.00918,0.004213,-0.007406,-0.953585
0.542738,0.719951,1,0.614247,2.440117,1,5.476857,0.768648,0.006871,0.008078,-0.024944,0.348553
-0.55128,1.673451,1,0.579283,1.389963,1,5.489317,0.076763,0.007233,0.001158,0.011464,-1.251646
-1.055707,2.432753,1,-0.624153,-0.190043,0,0.618073,-1.384423,0.016454,0.002286,-0.002864,-0.27269
-1.257036,1.822677,1,0.728414,1.198302,1,5.322874,0.183799,0.011263,-0.002498,-0.011332,-1.859179
-1.301832,0.359057,1,1.819815,0.367476,1,4.74564,-0.41439,-0.001574,-0.013368,0.005763,1.585978
-2.184598,1.046297,0,0.219521,0.017172,0,-0.308699,0.856996,-1.3e-05,-0.001744,0.024636,-0.927555
-1.458316,0.286656,1,-1.263608,0.851553,0,-0.360484,0.151218,0.006009,-0.006771,-0.001089,-0.6792
-1.321498,0.193141,1,-0.48991,0.84338,0,-0.356702,0.094508,0.001362,-0.006739,0.009511,0.966791
0.431703,1.244244,1,-1.582112,0.648869,1,5.603626,-1.048251,0.007052,0.014338,-0.009875,-1.274636
-0.416643,0.069135,1,1.487578,0.911575,0,-0.131983,-0.230025,-0.022303,0.009516,-0.016868,0.979419
-1.076505,-1.307723,1,0.961422,1.61247,1,4.174416,0.970101,0.018808,-0.016935,0.009139,-1.099434
2.058803,0.013281,0,-0.304052,0.159885,1,5.675139,-0.776536,0.00061,-0.010849,0.005461,-0.016265
-0.914817,0.594548,0,-1.220743,-0.361546,0,-0.084556,-0.03255,-0.016225,-0.003636,-0.004657,-1.260645
0.916183,2.422827,1,-0.635978,1.151539,0,1.235184,-0.936446,-0.009138,-0.006406,0.017062,-2.043999
1.370189,0.410492,0,-0.44096,-0.502368,1,5.579621,-1.183843,-0.021293,0.003174,-0.017645,-0.273369
-1.82088,1.413353,0,0.306725,-0.706348,1,4.948436,-0.084859,-0.010902,-0.012436,-0.0123,-0.04806
-0.176957,0.733121,0,0.273076,0.199822,0,0.226172,0.173801,-0.001422,0.009585,-0.005429,-2.003849
-0.768454,2.127834,0,1.538749,1.953711,1,5.621072,1.993863,0.015147,-0.00044,-0.003564,-0.995021
-0.849844,2.058525,1,-0.495438,0.778078,1,5.518123,-0.45546,0.004107,-0.003405,0.014654,0.512796
0.304457,2.077604,1,-1.310871,1.710076,0,0.911574,-0.050169,0.002329,-0.000143,0.000492,-0.087844
-0.87379,-0.832555,1,-0.959661,-0.446767,1,4.359753,-1.250074,-0.011351,-0.004175,-0.00193,-1.083178
-0.746889,1.108153,1,0.174292,1.754655,0,0.178582,0.61224,-0.008245,-0.020306,-0.0127,-1.285489
-0.419035,1.660368,0,-0.531361,0.448737,1,5.492013,0.398095,-0.007469,0.000119,0.010866,1.260281
-0.624319,1.282968,1,-0.094692,2.711801,1,5.286282,1.488395,-0.007061,-0.003207,-0.011366,-2.134895
-1.42449,1.538025,0,-0.256717,0.68814,1,5.123782,1.111622,-0.003515,-0.009545,-0.012746,-0.747162
0.544987,0.95978,0,1.187555,0.737997,0,0.549859,0.351407,-0.00276,0.010974,-0.004003,-2.15266
0.797611,0.156645,0,-0.389649,-0.085312,1,5.311847,-0.470071,-0.003391,0.006694,0.001632,0.626852
0.092699,-0.795668,0,-0.180025,0.13133,0,-0.286303,0.204668,-0.006713,0.024389,-0.007201,-0.695087
-0.627473,0.25586,1,0.914601,0.961976,0,-0.104713,-0.111013,0.001351,0.008348,0.00707,-0.509789
-0.956131,3.579539,1,-0.367665,2.359321,1,6.070996,0.953398,-0.003144,-0.006434,-0.00283,2.080929
-0.95454,0.415778,1,0.620529,1.773961,1,4.844699,0.826231,-0.015956,-0.009058,0.010528,-1.281436
2.106456,-1.057961,1,0.528802,1.826935,1,5.288799,-0.296415,0.000344,-0.004943,0.005051,1.060613
0.686918,1.634078,1,0.339083,0.407516,1,5.867061,-1.461994,-0.001168,-0.006666,0.017915,-1.078695
-1.09103,1.756889,1,-0.937079,2.413697,1,5.293325,1.333387,-0.015796,0.001088,-0.004422,-0.921475
-0.086222,2.188753,0,1.427091,0.860225,1,5.845346,0.581874,-0.005913,-0.015388,0.00844,1.950212
-0.613455,1.372408,1,2.418001,0.921822,1,5.38493,-0.31949,0.005971,0.006473,-0.017868,-0.849053
0.33288,1.747031,1,0.206145,2.268069,1,5.782285,0.542873,-0.011364,0.000912,0.028917,-2.062334
0.292579,2.741646,1,-0.849038,1.926037,1,6.135682,0.074861,-0.012422,0.005325,0.007939,-0.406044
0.83269,0.155956,1,0.22642,3.039886,1,5.334797,1.318618,-0.003249,-0.011441,-0.002963,-0.8607
-1.101476,-0.042422,1,1.187177,-1.115209,1,4.65084,-1.92978,0.006229,0.002467,-0.002591,-0.320867
-0.146185,-0.193158,0,-0.417871,-0.491563,0,-0.105082,-0.397191,0.018103,0.012992,-0.00247,-0.821561
-1.999467,0.635659,1,0.068418,2.104384,1,4.599911,1.599055,0.006589,-0.008605,0.0184,1.527582
-1.50826,2.334851,0,0.537971,0.217276,0,0.425937,0.563198,0.010848,-0.008879,0.008985,-0.131227
0.633181,1.429497,1,1.400365,3.58805,1,5.794312,1.772607,0.003467,0.00712,-0.004433,-1.762928
-1.201604,1.390121,0,0.972741,-1.565575,0,0.14073,-1.221807,-0.006851,-0.009691,-0.012388,-0.563416
-1.091829,-0.917879,1,1.014185,1.764158,0,-0.709083,1.072197,0.006517,-0.002333,0.011961,-1.487593
-0.259198,0.208242,1,-0.228952,2.245467,1,4.990982,1.012224,-0.000856,0.014757,0.008385,-0.935677
0.443841,-0.934229,1,0.599236,-0.295095,1,4.796594,-1.681729,0.00377,-0.008737,0.007064,-1.598404
-1.311747,2.072675,0,-0.524646,-0.590257,1,5.358065,-0.295502,-0.00946,0.015444,-0.000837,1.419156
-3.731729,2.487075,1,1.042843,-0.118921,1,4.769592,-0.106529,0.004664,-0.003358,-0.002996,-1.379348
-1.121143,1.680996,1,1.348537,-0.563923,0,0.286081,-1.619556,-0.001205,-0.011212,0.016852,-0.000399
0.954708,-0.085357,0,0.750681,0.14636,0,0.2821,-0.274602,0.002313,0.006037,0.017783,-1.011442
0.092215,2.383451,0,-0.170094,1.260769,1,5.954761,0.873183,-0.000851,0.001077,0.006401,-1.846376
1.072955,0.648174,1,-0.00641,1.510801,1,5.601445,-0.390923,-0.002772,0.000132,0.009698,-0.490314
-1.382736,-0.31303,1,2.003833,0.889787,1,4.467152,0.242133,0.004847,-0.007687,0.002361,-0.287271
-1.890316,-0.062975,1,-0.153393,0.702904,0,-0.648417,0.24937,-0.004061,0.001005,-0.0137,-0.129336
0.211629,0.471272,1,1.247311,1.472962,1,5.260543,-0.012143,-0.015887,-0.020676,-0.009797,-3.310182
-0.010897,0.951008,1,0.536209,0.748506,1,5.358265,-0.705182,-0.01874,0.002188,0.011462,-1.922809
0.054634,0.740085,0,-0.136819,0.790965,1,5.305518,0.658814,0.001844,0.012972,0.012737,0.269592
0.682077,-0.511239,0,-1.147332,-1.351595,0,0.020002,-1.587034,-0.004472,-0.017654,0.010541,-1.61157
0.170765,2.114745,1,0.408917,1.713538,1,5.87027,0.008588,-0.017291,-0.004068,0.003461,-0.485019
0.154698,0.750823,1,0.288418,2.885301,1,5.349722,1.385486,0.001065,-0.008746,0.010913,-1.945988
0.464087,0.187675,1,2.003852,1.111187,0,0.224349,-0.447373,-0.000939,-0.015111,-0.000581,0.043638
0.251497,2.011731,0,-0.662876,-0.321357,1,5.848766,-0.727321,-0.004996,-0.020529,0.006214,0.243307
0.606526,-0.281977,0,2.492086,0.959918,1,5.138309,0.725516,0.002468,-0.011808,-0.002047,0.043947
0.757601,-0.727461,1,0.576128,1.722474,1,4.988975,0.163432,0.013151,-0.002424,-0.010568,0.344594
1.280769,2.173916,0,0.575146,1.642126,1,6.290545,0.745447,0.012846,0.011491,0.008646,0.875937
-0.900111,2.792817,1,-0.395755,1.355732,1,5.786918,0.038498,0.001438,-0.015227,0.012751,-1.862037
0.229642,0.439333,1,0.512023,-0.899643,1,5.255231,-2.388292,-0.000847,0.002944,0.02474,-1.476635
-0.621243,0.855459,1,0.670368,2.342705,1,5.14375,1.179913,0.001577,0.002196,0.00264,0.209581
-1.084479,-0.245236,1,1.134644,2.862894,1,4.573273,2.070026,0.00309,0.01672,-0.010478,0.442257
-0.94046,0.906922,1,-0.781005,2.309404,1,5.027602,1.284041,-0.002683,0.00571,-0.003284,-1.362306
0.244036,0.425724,1,1.604098,-2.04565,0,0.247621,-3.538858,0.001745,0.006286,-0.001359,-1.431849
0.167333,0.799301,1,0.558733,1.96367,1,5.361029,0.451088,-0.015736,0.006993,0.001485,-1.340176
0.149492,1.310687,0,0.805546,-0.208771,1,5.575597,-0.466746,0.000813,-0.009242,0.004709,-2.293058
-0.476634,-0.196716,1,-0.023625,-0.008436,0,-0.228156,-1.084244,0.004768,-0.005728,0.00363,-1.959374
-0.247505,0.539618,1,-0.730826,1.40935,1,5.110446,0.122732,-0.004898,0.011169,0.007771,-1.935256
0.566833,-0.902352,1,0.270042,1.298136,1,4.838431,-0.148947,-0.000955,-0.020508,0.001974,-0.982061
-1.740313,0.546442,1,0.384613,1.118677,1,4.638363,0.508658,-0.011115,-0.006823,-0.022253,-0.417126
-0.226278,0.807995,1,-1.188111,1.391762,1,5.205767,0.05658,-0.012503,-0.013308,0.002271,-0.25449
-0.160964,1.130411,1,0.990602,0.290784,1,5.408339,-1.120812,0.002108,0.002342,0.000867,-1.196525
0.502384,1.141006,1,1.193842,1.137626,1,5.624388,-0.576602,-0.007296,-0.004216,0.005503,-1.17195
-1.601168,1.805352,1,-0.532348,0.117828,1,5.150567,-0.737959,-0.017768,0.00626,-0.003615,-0.564302
1.244214,-0.638238,1,-0.825268,0.076376,0,0.1482,-1.716483,-0.011118,-0.00109,0.002235,-2.183978
-0.03729,-0.584848,1,-0.105644,-0.152718,0,-0.249742,-1.371645,-0.009664,-0.015461,0.005562,0.271478
0.015661,1.430387,1,0.221212,1.32421,1,5.574303,-0.211069,0.007746,-0.014999,-0.0016,0.597422
-0.6523,-1.137532,1,-0.066854,2.283357,1,4.343478,1.423754,0.001791,-6e-05,0.006759,-1.313544
0.287102,1.084729,1,0.136399,1.072791,1,5.510586,-0.535557,-0.008716,-0.007711,0.000701,-1.086399
-0.202966,-0.278864,0,0.418795,-0.890008,0,-0.181072,-0.757431,-0.005878,-0.005326,0.001567,0.555349
0.958062,2.474244,1,-1.170952,0.933165,1,6.269206,-1.181287,0.013121,0.009384,-0.029227,-0.811015
-1.692414,1.151881,1,-1.055979,0.750118,1,4.883353,0.030536,0.009361,0.00759,-0.011439,-0.099718
-0.075374,0.682273,0,-2.524961,1.244013,1,5.182473,1.179259,-0.011181,0.017977,-0.011412,-0.780268
0.157592,2.12915,1,1.139862,3.703743,1,5.914222,2.002683,0.011635,-0.003163,0.002163,0.868344
-0.437292,-0.161973,1,0.212544,1.384104,1,4.796699,0.285399,-0.000806,-0.006411,0.012717,-0.197883
-0.655586,0.028019,0,1.245168,-0.153514,1,4.827344,0.139994,0.007996,0.004182,-0.001184,-0.140307
-0.613877,-0.360026,0,-0.940421,-0.874336,0,-0.343182,-0.543473,-0.001633,-0.005608,0.008483,-0.121656
-0.076281,0.03639,0,0.221724,-0.405912,0,0.001024,-0.376567,0.011858,-0.005281,0.006483,-1.243077
-2.060879,0.962545,1,0.412144,1.154046,1,4.695398,0.629175,-0.011596,-0.002021,0.001399,-1.151202
0.714095,1.395381,1,-0.364465,1.532346,0,0.77522,-0.314875,-0.002555,0.016527,0.00574,0.081283
-0.731052,1.862851,1,-1.356111,1.096793,1,5.472729,-0.162282,0.012165,0.00704,0.002459,-0.56155
-0.123117,-0.923295,1,1.943188,1.105529,1,4.612506,-0.025347,-0.023926,0.008088,-0.001423,-1.865574
0.116182,0.729566,1,1.5966,0.888421,1,5.351864,-0.590828,-0.000461,0.016079,0.003911,1.185141
-0.776725,-0.206736,1,-0.184615,0.863163,0,-0.339161,-0.074979,-0.003935,0.009025,0.014466,0.290109
-0.381958,0.696142,0,0.707545,-2.0918,0,0.152816,-2.019406,0.006847,-0.011314,0.004727,-0.650337
-2.28616,3.235593,1,-0.287474,1.301166,0,0.521641,0.548836,0.010699,0.008874,0.00218,-0.961464
0.481204,1.193291,1,-0.798087,4.06397,1,5.614987,2.351772,0.007303,0.010143,-0.008775,-0.489287
0.829149,1.800894,1,2.024579,1.406223,1,6.013932,-0.552044,0.00241,0.006519,0.014159,-0.170443
-1.951914,2.86212,1,-1.458052,1.223709,1,5.448049,0.373837,0.000406,-0.001954,-0.01407,-2.720964
-0.657413,2.028787,1,-0.088187,2.168146,0,0.571409,0.851576,-0.003427,0.005463,-0.017061,1.424387
-1.480789,0.453515,1,0.281641,1.994553,1,4.698536,1.280215,0.0021,-0.000202,0.003715,-1.477847
-0.42866,-0.374403,1,1.848554,0.807487,0,-0.271822,-0.264321,0.014597,-0.009781,-0.008808,-0.689869
0.397716,0.871285,1,1.093906,-0.175723,0,0.461548,-1.803317,-0.008305,-0.007296,0.010891,-0.653096
0.736389,0.333723,0,-1.474933,0.649888,1,5.33974,0.267232,-0.004021,0.007037,-0.016837,1.308887
0.870933,-0.623092,0,0.194567,0.433565,1,5.045722,0.128629,-0.000755,-0.009058,0.009618,-0.776087
1.059624,1.142354,1,0.218377,1.621689,1,5.806606,-0.345666,0.010009,-0.008116,0.00821,0.900544
-0.473333,1.167315,1,-0.031021,1.141652,1,5.301223,-0.133512,0.002233,0.007534,0.00118,-0.281236
-1.397879,2.670546,0,0.817126,-0.103446,0,0.591901,0.14368,0.009835,0.001338,-0.020996,-1.649848
-0.36551,0.539666,0,-1.21179,0.274137,0,0.100742,0.361762,0.010341,0.005772,-0.017233,-0.553256
0.382348,1.18155,1,-0.211319,1.985434,1,5.587641,0.31981,0.00592,-0.01229,0.002399,-0.806472
-1.47818,0.235944,0,0.676136,-0.85441,1,4.6093,-0.217686,-0.01064,0.005494,-0.002328,-1.772033
1.409217,1.774598,1,0.876893,2.602025,1,6.186526,0.384279,0.016611,-0.0066,0.007273,-0.33024
0.646969,0.776811,0,0.346736,0.121309,0,0.528899,-0.285031,0.014124,-0.010169,-0.000682,-0.66586
-0.457487,-0.271163,0,-0.091075,0.395038,0,-0.255014,0.642026,0.000635,-0.005053,-0.001552,-0.131541
-0.961792,0.887957,1,0.077376,0.385487,1,5.018211,-0.627443,-0.013818,0.013621,-0.024263,-0.49461
-0.920041,1.291952,0,0.937724,-0.157148,1,5.203671,0.073058,-0.015605,-0.003645,0.008224,-1.339066
-0.176714,1.156702,1,0.231218,-0.215478,1,5.399585,-1.623739,0.002543,0.022014,-0.006491,0.080371
-0.480323,1.947326,0,-0.844531,-0.305462,0,0.594149,-0.36991,-0.007018,-0.020622,-0.003982,-1.312361
0.699583,-0.546627,1,-1.036181,2.126427,1,4.979788,0.567489,-0.017172,-0.015463,-0.010698,-3.787634
-0.593896,0.058686,0,-1.29232,-1.294793,1,4.788056,-1.033735,-0.015794,0.013242,-0.015404,-0.55931
0.254582,1.541216,1,1.652898,1.339701,1,5.710274,-0.3201,-0.0047,0.015756,0.014721,-1.242037
-0.279845,0.17616,1,1.004779,-1.185852,0,-0.02118,-2.40507,0.001949,-0.008635,0.007955,-0.305832
0.018749,1.1419,1,0.090829,0.12676,1,5.466785,-1.368074,0.014057,0.000689,0.00812,1.310909
-0.480976,-1.518316,0,-0.256475,-1.545029,0,-0.744389,-1.106475,0.004842,0.007122,-0.002165,1.339777
0.456796,3.617376,0,-0.376613,0.833806,0,1.555263,0.101751,-0.003814,-0.002294,-0.017379,-0.853086
0.47162,0.63171,0,1.290554,0.63911,1,5.428796,0.333409,0.003799,0.001499,0.02102,-1.514478
0.209009,2.095385,0,2.101751,0.342758,0,0.887782,-0.056056,0.002906,0.000109,0.004223,-0.10328
0.356594,0.564531,1,-0.408076,1.18184,0,0.344257,-0.382593,0.007395,-0.014814,0.001368,-1.058189
-1.195289,1.316128,1,1.335733,0.589951,1,5.145521,-0.379102,-0.000399,-0.003447,-0.003591,-0.296186
0.072326,2.393349,1,0.22533,2.416726,1,5.970738,0.716046,0.010362,0.000124,-0.020446,-1.348824
0.998282,2.067235,1,-0.015112,2.28649,1,6.140666,0.21282,0.008245,0.001031,0.011416,-0.437271
0.240485,0.696974,1,1.701531,1.196997,1,5.383183,-0.333946,0.000827,-0.017305,-0.010577,-1.499937
-1.281638,0.766175,1,0.187151,2.143385,0,-0.122937,1.293299,-0.001192,0.007537,0.005466,0.49629
-0.300687,1.904996,1,0.493681,3.410507,1,5.662049,1.949975,0.009197,0.001295,0.007708,-1.277941
0.124058,3.234673,1,0.445591,0.600457,1,6.302114,-1.245742,-0.007135,-0.010554,0.003342,-0.02686
-1.00832,1.093712,1,-1.428282,1.544166,1,5.053579,0.52251,-0.015066,0.017991,0.0047,-1.95273
-1.609191,2.858493,1,0.485728,4.094797,1,5.580003,3.08989,-0.015123,-0.003466,0.013461,0.093211
-0.567018,0.660015,0,-0.365375,0.118573,0,0.063251,0.280206,-0.007964,-0.002816,-0.007924,-1.654347
-0.991752,1.853389,0,-1.223836,-0.065874,0,0.403472,0.115443,0.006597,0.006417,0.001645,-0.426786
-0.265209,2.002585,0,-0.31982,0.11437,1,5.682992,-0.055734,-0.004228,0.01884,-0.002251,0.335238
-1.842325,0.491468,1,-0.328072,1.045923,1,4.583268,0.490182,0.002045,0.00681,-0.018396,-0.887946
0.313781,0.154351,1,1.2272,2.240401,1,5.181124,0.754899,-0.004953,0.008261,0.002863,-1.71713
-0.885525,2.046818,0,-0.866473,-1.349809,1,5.485912,-1.244767,-0.004874,-0.010016,0.012513,-0.19115
0.744832,0.369872,1,-0.59253,1.685936,1,5.366937,-0.026484,-0.010255,0.00087,0.013763,-1.528944
-0.527819,0.007079,1,0.432705,-1.187362,1,4.836901,-2.269498,-0.000919,-0.005323,0.018575,-1.092209
-0.276309,0.217469,1,-1.128477,1.017498,1,4.971171,-0.209317,-0.001752,0.007041,-0.017737,-0.4225
-0.423955,0.365816,1,-0.46169,0.278627,1,4.998959,-0.902689,0.004127,0.00797,0.016286,0.672713
-0.93908,1.758046,1,-1.46716,1.488626,1,5.352313,0.339178,0.002877,0.016332,0.001848,-0.66141
2.221359,1.416472,1,1.117328,0.878051,0,1.278241,-1.656381,-0.001971,-0.021583,0.016006,-0.665105
-0.746786,1.617087,1,-0.104046,0.703967,0,0.370076,-0.512317,-0.015061,-0.006306,-0.003948,0.04955
0.772602,1.322809,1,0.181399,2.829795,1,5.782799,0.966544,0.010706,0.013002,-0.005308,-0.637591
-1.344549,0.307589,1,1.113327,0.078677,0,-0.321885,-0.676333,-0.00085,-0.014015,-0.012153,-0.052433
0.121211,1.598532,0,-0.524952,-1.618044,0,0.663314,-1.904936,0.000796,0.008057,0.00776,0.390571
0.227952,2.083883,1,-0.11467,1.983964,1,5.900456,0.257533,0.016005,0.01134,0.005145,-1.0157
-0.275097,1.485932,1,-0.859011,0.824831,1,5.481647,-0.586529,0.009082,-0.000283,-0.01117,-3.962974
-0.821925,1.351085,0,-0.861187,-0.362978,0,0.261332,-0.185885,0.004464,-0.014215,-0.021641,-1.50589
-0.514242,0.134374,1,-0.723266,0.376894,1,4.870123,-0.72987,-2.3e-05,-0.001215,0.004152,0.520719
-0.65421,1.113246,1,-0.295173,3.159618,1,5.213538,1.974397,-0.000116,0.014587,0.005292,-0.721728
2.151106,0.081188,1,-0.187479,0.750782,1,5.735841,-1.558073,0.002401,0.01539,-0.00987,-1.027093
-0.273523,0.877401,1,0.485949,4.1573,1,5.26534,2.833496,0.004069,0.002079,-0.011878,0.478822
0.273969,-0.738838,1,-0.6939,0.947234,0,-0.180898,-0.390637,0.017114,-0.009772,0.006559,-0.789288
1.530705,-0.731129,0,0.51695,0.772183,1,5.251511,0.183447,0.024733,0.017384,0.018564,-2.780496
-1.127239,0.710381,1,0.682318,0.337278,1,4.922867,-0.574796,0.002903,0.008209,-0.00495,-2.193265
-0.21326,0.352989,1,-0.270505,0.658457,0,0.046062,-0.616634,-0.021533,-0.009115,-0.008796,-0.269315
-0.520106,1.008216,1,-0.607408,0.446026,0,0.212735,-0.78483,-0.009517,0.003425,0.002989,-0.754854
-0.337058,0.76666,1,0.282396,1.880161,0,0.20628,0.601258,0.018115,0.002967,0.006353,0.766693
-0.429932,0.93162,1,-0.0056,-0.150124,0,0.229166,-1.4108,0.007187,-0.006368,-0.003643,-1.421232
-0.982797,1.510036,1,0.417669,1.457739,1,5.278152,0.364109,0.00426,0.003481,0.020251,-0.997464
-0.05551,0.43816,1,1.767183,-0.825445,0,0.150834,-2.184493,-0.001668,0.011062,0.009017,-1.572466
-1.313553,0.681985,1,0.265954,1.096916,0,-0.1769,0.273529,-0.01189,-0.002962,-0.003813,-1.208557
0.737963,2.35645,1,-0.441914,2.846605,1,6.1685,0.849143,0.016778,0.012083,-0.015925,-2.579867
0.37239,0.904513,1,-0.693573,0.3464,1,5.453231,-1.274519,-0.008232,-0.017554,0.013194,-1.073648
-0.744383,0.722219,0,-0.654885,0.445626,0,0.044585,0.678743,0.007293,0.022183,0.011919,-0.739832
-0.695903,0.983942,1,-1.265449,1.198925,0,0.142146,0.051385,-0.013007,0.000574,-0.003028,-0.824294
0.024591,0.740065,1,1.130061,3.037624,1,5.315464,1.598426,-0.002153,0.01073,0.003506,1.46159
-1.049465,0.191857,1,-2.035962,0.016956,0,-0.259437,-0.855206,0.00993,0.002186,-0.001505,1.145522
1.56106,-0.096601,1,0.685422,4.831229,1,5.484607,2.815986,-0.002497,-0.008235,0.005206,-1.438862
0.107006,0.137998,1,-0.670747,-1.001508,0,0.085165,-2.390782,-0.003684,-0.000364,-0.010249,-2.7319
0.142343,1.774348,1,-0.315088,1.313169,1,5.73213,-0.329504,0.000106,-0.019095,-0.011675,-0.787163
0.430525,0.271524,0,-0.700671,-1.463768,0,0.233589,-1.69857,-0.01336,0.006884,0.008109,-0.311453
-0.830383,0.746504,0,1.643182,1.582425,1,5.034185,1.851054,-0.015241,0.001938,0.009376,-1.548447
0.83809,1.602165,1,0.213633,1.671797,1,5.910149,-0.261701,0.007142,-0.001916,-0.004908,-1.498939
-0.136387,0.623038,1,0.987696,1.17747,1,5.212344,-0.171685,-0.004222,0.007527,-0.007491,0.894592
0.699225,1.53479,0,1.497844,0.983245,1,5.862418,0.443238,0.007065,0.000375,0.011476,-0.945515
-0.448873,-0.639364,0,0.360722,-0.301292,1,4.621686,-0.004805,0.011182,0.006068,-0.007153,-0.025713
1.066358,0.768912,0,-0.998307,0.001794,1,5.642443,-0.593762,0.011986,0.009623,0.000554,-1.618269
0.150424,0.980325,1,-0.023326,0.274517,0,0.415039,-1.256647,-0.01621,-0.005492,-0.000714,-0.744903
1.931587,0.924568,1,-0.544931,2.500064,1,5.976341,0.168513,-0.006978,-0.008354,-0.014669,-1.024301
-0.620442,-0.75149,1,-0.306187,1.308894,1,4.503411,0.378834,0.005376,-0.017226,0.001921,-1.363336
-0.046371,2.104542,0,0.102693,0.979602,0,0.810236,0.695377,0.00553,0.001226,0.000944,0.467337
-1.282496,0.046756,1,0.063161,2.658068,1,4.621375,1.912727,0.022494,0.004521,0.003602,-2.07684
-0.780218,1.236466,1,0.609426,-1.02787,0,0.216812,-2.173769,-0.009076,-0.013236,0.001582,-0.387906
0.367767,0.909393,0,0.754621,0.231124,1,5.500739,-0.067717,0.011682,0.014204,0.021357,-1.043085
0.878404,1.905139,1,0.063172,3.187482,0,1.03397,1.191738,0.003723,-0.008223,0.011617,-0.273139
